-- phpMyAdmin SQL Dump
-- version 5.2.2
-- https://www.phpmyadmin.net/
--
-- Host: mysql:3306
-- Tempo de geração: 21/09/2025 às 13:24
-- Versão do servidor: 8.0.43
-- Versão do PHP: 8.2.27

SET SQL_MODE = "NO_AUTO_VALUE_ON_ZERO";
START TRANSACTION;
SET time_zone = "+00:00";


/*!40101 SET @OLD_CHARACTER_SET_CLIENT=@@CHARACTER_SET_CLIENT */;
/*!40101 SET @OLD_CHARACTER_SET_RESULTS=@@CHARACTER_SET_RESULTS */;
/*!40101 SET @OLD_COLLATION_CONNECTION=@@COLLATION_CONNECTION */;
/*!40101 SET NAMES utf8mb4 */;

--
-- Banco de dados: `geracao_necessidade_db`
--

-- --------------------------------------------------------

--
-- Estrutura para tabela `escolas`
--

CREATE TABLE `escolas` (
  `id` int NOT NULL,
  `codigo_teknisa` varchar(50) COLLATE utf8mb4_unicode_ci DEFAULT NULL,
  `unidade` varchar(100) COLLATE utf8mb4_unicode_ci DEFAULT NULL,
  `cidade` varchar(100) COLLATE utf8mb4_unicode_ci DEFAULT NULL,
  `estado` varchar(50) COLLATE utf8mb4_unicode_ci DEFAULT NULL,
  `pais` varchar(50) COLLATE utf8mb4_unicode_ci DEFAULT NULL,
  `nome_escola` varchar(255) COLLATE utf8mb4_unicode_ci NOT NULL,
  `endereco` varchar(255) COLLATE utf8mb4_unicode_ci DEFAULT NULL,
  `numero` varchar(20) COLLATE utf8mb4_unicode_ci DEFAULT NULL,
  `bairro` varchar(100) COLLATE utf8mb4_unicode_ci DEFAULT NULL,
  `cep` varchar(20) COLLATE utf8mb4_unicode_ci DEFAULT NULL,
  `supervisao` varchar(100) COLLATE utf8mb4_unicode_ci DEFAULT NULL,
  `coordenacao` varchar(100) COLLATE utf8mb4_unicode_ci DEFAULT NULL,
  `centro_distribuicao` varchar(100) COLLATE utf8mb4_unicode_ci DEFAULT NULL,
  `rota` varchar(100) COLLATE utf8mb4_unicode_ci NOT NULL,
  `regional` varchar(100) COLLATE utf8mb4_unicode_ci DEFAULT NULL,
  `lote` varchar(50) COLLATE utf8mb4_unicode_ci DEFAULT NULL,
  `cc_senior` varchar(100) COLLATE utf8mb4_unicode_ci DEFAULT NULL,
  `codigo_senior` varchar(50) COLLATE utf8mb4_unicode_ci DEFAULT NULL,
  `abastecimento` varchar(100) COLLATE utf8mb4_unicode_ci DEFAULT NULL,
  `lat` decimal(10,8) DEFAULT NULL,
  `lng` decimal(11,8) DEFAULT NULL,
  `status` varchar(50) COLLATE utf8mb4_unicode_ci DEFAULT NULL,
  `ordem_entrega` int DEFAULT NULL,
  `atendimento` varchar(100) COLLATE utf8mb4_unicode_ci DEFAULT NULL,
  `horario` varchar(50) COLLATE utf8mb4_unicode_ci DEFAULT NULL,
  `email_nutricionista` varchar(255) COLLATE utf8mb4_unicode_ci DEFAULT NULL,
  `ativo` tinyint(1) DEFAULT '1',
  `data_cadastro` timestamp NULL DEFAULT CURRENT_TIMESTAMP,
  `data_atualizacao` timestamp NULL DEFAULT CURRENT_TIMESTAMP ON UPDATE CURRENT_TIMESTAMP
) ENGINE=InnoDB DEFAULT CHARSET=utf8mb4 COLLATE=utf8mb4_unicode_ci;

--
-- Despejando dados para a tabela `escolas`
--

INSERT INTO `escolas` (`id`, `codigo_teknisa`, `unidade`, `cidade`, `estado`, `pais`, `nome_escola`, `endereco`, `numero`, `bairro`, `cep`, `supervisao`, `coordenacao`, `centro_distribuicao`, `rota`, `regional`, `lote`, `cc_senior`, `codigo_senior`, `abastecimento`, `lat`, `lng`, `status`, `ordem_entrega`, `atendimento`, `horario`, `email_nutricionista`, `ativo`, `data_cadastro`, `data_atualizacao`) VALUES
(1, '1001', 'EEEFM SILVIO ROCIO', 'VILA VELHA', 'ESPIRITO SANTO', 'BRASIL', 'EEEFM SILVIO ROCIO', 'RUA TEREZINHA', 'S/N', 'SAO TORQUATO', '29114-002', 'JOSIANE', 'BIANKA', 'VILA VELHA', 'ROTA 01 VVL', NULL, 'LOTE 02', '288', NULL, 'SEMANAL', NULL, NULL, 'ATIVA', 1, 'MATUTINO / VESPERTINO', '07:00 as 16:48', 'rota4.lote2es@gmail.com', 1, '2025-09-17 22:28:23', '2025-09-17 22:28:23'),
(2, '1071', 'EEEFM DR FRANCISCO FREITAS LIM', 'VILA VELHA', 'ESPIRITO SANTO', 'BRASIL', 'EEEFM DR FRANCISCO FREITAS LIMA', 'RUA ANTONIO ABRAAO', 'S/N', 'ILHA DAS FLORES', '29115-550', 'JOSIANE', 'BIANKA', 'VILA VELHA', 'ROTA 01 VVL', NULL, 'LOTE 02', '288', NULL, 'SEMANAL', NULL, NULL, 'ATIVA', 2, 'MATUTINO / VESPERTINO', '07:00 as 16:48', 'rota4.lote2es@gmail.com', 1, '2025-09-17 22:28:23', '2025-09-17 22:28:23'),
(3, '1066', 'EEEFM ADOLFINA ZAMPROGNO', 'VILA VELHA', 'ESPIRITO SANTO', 'BRASIL', 'EEEFM ADOLFINA ZAMPROGNO', 'RUA SEBASTIAO GAIBA', 'S/N', 'VILA GARRIDO', '29116-300', 'JOSIANE', 'BIANKA', 'VILA VELHA', 'ROTA 01 VVL', NULL, 'LOTE 02', '288', NULL, 'SEMANAL', NULL, NULL, 'ATIVA', 3, 'MAT / VESP / NOTURNO', '07:00 as 21:00', 'rota4.lote2es@gmail.com', 1, '2025-09-17 22:28:23', '2025-09-17 22:28:23'),
(4, '1067', 'CEEFMTI ASSISOLINA ASSIS ANDRA', 'VILA VELHA', 'ESPIRITO SANTO', 'BRASIL', 'CEEFMTI ASSISOLINA ASSIS ANDRADE', 'RUA SALVADOR', 'S/N', 'ARIBIRI', '29120-020', 'IVINY', 'BIANKA', 'VILA VELHA', 'ROTA 01 VVL', NULL, 'LOTE 02', '288', NULL, 'SEMANAL', NULL, NULL, 'ATIVA', 4, 'MATUTINO / VESPERTINO', '07:00 as 16:48', 'rota6.lote2es@gmail.com', 1, '2025-09-17 22:28:23', '2025-09-17 22:28:23'),
(5, '1070', 'EEEFM LUIZ MANOEL VELLOZO', 'VILA VELHA', 'ESPIRITO SANTO', 'BRASIL', 'EEEFM LUIZ MANOEL VELLOZO', 'RUA MOURISCO', 'S/N', 'GLORIA', '29122-070', 'JOSIANE', 'BIANKA', 'VILA VELHA', 'ROTA 01 VVL', NULL, 'LOTE 02', '288', NULL, 'SEMANAL', NULL, NULL, 'ATIVA', 5, 'MATUTINO / VESPERTINO', '07:00 as 16:48', 'rota4.lote2es@gmail.com', 1, '2025-09-17 22:28:23', '2025-09-17 22:28:23'),
(6, '1068', 'EEEM GODOFREDO SCHNEIDER', 'VILA VELHA', 'ESPIRITO SANTO', 'BRASIL', 'EEEM GODOFREDO SCHNEIDER', 'RUA BERNARDO SCHINEIDER', 'S/N', 'CENTRO', '29100-170', 'JOSIANE', 'BIANKA', 'VILA VELHA', 'ROTA 01 VVL', NULL, 'LOTE 02', '288', NULL, 'SEMANAL', NULL, NULL, 'ATIVA', 6, 'MAT / VESP / NOTURNO', '07:00 as 21:00', 'rota4.lote2es@gmail.com', 1, '2025-09-17 22:28:23', '2025-09-17 22:28:23'),
(7, '1059', 'EEEFM AGENOR DE SOUZA LE', 'VILA VELHA', 'ESPIRITO SANTO', 'BRASIL', 'EEEFM AGENOR DE SOUZA LE', 'RUA ALAN KARDEC', 'S/N', 'DIVINO ESPIRITO\n SANTO', '29107-240', 'JOSIANE', 'BIANKA', 'VILA VELHA', 'ROTA 01 VVL', NULL, 'LOTE 02', '288', NULL, 'SEMANAL', NULL, NULL, 'ATIVA', 7, 'MAT / VESP / NOTURNO', '07:00 as 21:00', 'rota4.lote2es@gmail.com', 1, '2025-09-17 22:28:23', '2025-09-17 22:28:23'),
(8, '1060', 'EEEFM PROF GERALDO COSTA ALVES', 'VILA VELHA', 'ESPIRITO SANTO', 'BRASIL', 'EEEFM PROF GERALDO COSTA ALVES', 'RUA RUBEM BRAGA', 'S/N', 'BOA VISTA I', '29102-640', 'JOSIANE', 'BIANKA', 'VILA VELHA', 'ROTA 01 VVL', NULL, 'LOTE 02', '288', NULL, 'SEMANAL', NULL, NULL, 'ATIVA', 8, 'MATUTINO / VESPERTINO', '07:00 as 16:48', 'rota4.lote2es@gmail.com', 1, '2025-09-17 22:28:23', '2025-09-17 22:28:23'),
(9, '1054', 'EEEFM FLORENTINO AVIDOS', 'VILA VELHA', 'ESPIRITO SANTO', 'BRASIL', 'EEEFM FLORENTINO AVIDOS', 'AVENIDA VITORIA REGIA', 'S/N', 'SANTA INES', '29108-055', 'IVINY', 'BIANKA', 'VILA VELHA', 'ROTA 01 VVL', NULL, 'LOTE 02', '288', NULL, 'SEMANAL', NULL, NULL, 'ATIVA', 9, 'MATUTINO / VESPERTINO', '07:00 as 16:48', 'rota6.lote2es@gmail.com', 1, '2025-09-17 22:28:23', '2025-09-17 22:28:23'),
(10, '1065', 'CEEFTI GALDINO ANTONIO VIEIRA', 'VILA VELHA', 'ESPIRITO SANTO', 'BRASIL', 'CEEFTI GALDINO ANTONIO VIEIRA', 'RUA PAULO NEVES', 'S/N', 'SANTA RITA', '29118-590', 'JOSIANE', 'BIANKA', 'VILA VELHA', 'ROTA 01 VVL', NULL, 'LOTE 02', '288', NULL, 'SEMANAL', NULL, NULL, 'ATIVA', 10, 'MATUTINO / VESPERTINO', '07:00 as 16:48', 'rota4.lote2es@gmail.com', 1, '2025-09-17 22:28:23', '2025-09-17 22:28:23'),
(11, '1073', 'CEEFMTI PASTOR OLIVEIRA', 'VILA VELHA', 'ESPIRITO SANTO', 'BRASIL', 'CEEFMTI PASTOR OLIVEIRA', 'AV OTÁVIO BORIN', 'S/N', 'COBILANDIA', '29111-205', 'JOSIANE', 'BIANKA', 'VILA VELHA', 'ROTA 01 VVL', NULL, 'LOTE 02', '288', NULL, 'SEMANAL', NULL, NULL, 'ATIVA', 11, 'MAT / VESP / NOTURNO', '07:00 as 21:00', 'rota4.lote2es@gmail.com', 1, '2025-09-17 22:28:23', '2025-09-17 22:28:23'),
(12, '1069', 'EEEM ORMANDA GONCALVES', 'VILA VELHA', 'ESPIRITO SANTO', 'BRASIL', 'EEEM ORMANDA GONCALVES', 'RUA THADEU RAUTA', 'S/N', 'COBILANDIA', '29111-065', 'JOSIANE', 'BIANKA', 'VILA VELHA', 'ROTA 01 VVL', NULL, 'LOTE 02', '288', NULL, 'SEMANAL', NULL, NULL, 'ATIVA', 12, 'MATUTINO / VESPERTINO', '07:00 as 16:48', 'rota4.lote2es@gmail.com', 1, '2025-09-17 22:28:23', '2025-09-17 22:28:23'),
(13, '1063', 'EEEFM JUDITH DA SILVA GOES COU', 'VILA VELHA', 'ESPIRITO SANTO', 'BRASIL', 'EEEFM JUDITH DA SILVA GOES COUTINHO', 'AVENIDA JUDITH GOES COUTINHO', 'S/N', 'PONTA DA FRUTA', '29129-030', 'FLAVIA', 'BIANKA', 'VILA VELHA', 'ROTA 02 VVL', NULL, 'LOTE 02', '288', NULL, 'SEMANAL', NULL, NULL, 'ATIVA', 1, 'MAT / VESP / NOTURNO', '07:00 as 21:00', 'rota5.lote2es@gmail.com', 1, '2025-09-17 22:28:23', '2025-09-17 22:28:23'),
(14, '1062', 'EEEFM TERRA VERMELHA', 'VILA VELHA', 'ESPIRITO SANTO', 'BRASIL', 'EEEFM TERRA VERMELHA', 'RUA E', 'S/N', 'TERRA VERMELHA', '29100-010', 'FLAVIA', 'BIANKA', 'VILA VELHA', 'ROTA 02 VVL', NULL, 'LOTE 02', '288', NULL, 'SEMANAL', NULL, NULL, 'ATIVA', 2, 'MAT / VESP / NOTURNO', '07:00 as 21:00', 'rota5.lote2es@gmail.com', 1, '2025-09-17 22:28:23', '2025-09-17 22:28:23'),
(15, '1061', 'EEEM MARIO GURGEL', 'VILA VELHA', 'ESPIRITO SANTO', 'BRASIL', 'EEEM MARIO GURGEL', 'AVENIDA MARROCOS', 'S/N', 'JABAETE', '29126-747', 'FLAVIA', 'BIANKA', 'VILA VELHA', 'ROTA 02 VVL', NULL, 'LOTE 02', '288', NULL, 'SEMANAL', NULL, NULL, 'ATIVA', 3, 'MAT / VESP / NOTURNO', '07:00 as 21:00', 'rota5.lote2es@gmail.com', 1, '2025-09-17 22:28:23', '2025-09-17 22:28:23'),
(16, '1064', 'EEEFM MARCILIO DIAS', 'VILA VELHA', 'ESPIRITO SANTO', 'BRASIL', 'EEEFM MARCILIO DIAS', 'RUA JOAO COUTINHO', 'S/N', 'BARRA DO JUCU', '29125-030', 'FLAVIA', 'BIANKA', 'VILA VELHA', 'ROTA 02 VVL', NULL, 'LOTE 02', '288', NULL, 'SEMANAL', NULL, NULL, 'ATIVA', 4, 'MAT / VESP / NOTURNO', '07:00 as 21:00', 'rota5.lote2es@gmail.com', 1, '2025-09-17 22:28:23', '2025-09-17 22:28:23'),
(17, '1057', 'EEEF FRANCELINA CARNEIRO SETUB', 'VILA VELHA', 'ESPIRITO SANTO', 'BRASIL', 'EEEF FRANCELINA CARNEIRO SETUBAL', 'AVENIDA LEOPOLDINA', 'S/N', 'COQUEIRAL DE ITAPARICA', '29102-375', 'FLAVIA', 'BIANKA', 'VILA VELHA', 'ROTA 02 VVL', NULL, 'LOTE 02', '288', NULL, 'SEMANAL', NULL, NULL, 'ATIVA', 5, 'MATUTINO / VESPERTINO', '07:00 as 16:48', 'rota5.lote2es@gmail.com', 1, '2025-09-17 22:28:23', '2025-09-17 22:28:23'),
(18, '1055', 'EEEM PROFESSOR AGENOR RORIS', 'VILA VELHA', 'ESPIRITO SANTO', 'BRASIL', 'EEEM PROFESSOR AGENOR RORIS', 'AVENIDA JOAO MENDES', 'S/N', 'ITAPARICA', '29105-200', 'FLAVIA', 'BIANKA', 'VILA VELHA', 'ROTA 02 VVL', NULL, 'LOTE 02', '288', NULL, 'SEMANAL', NULL, NULL, 'ATIVA', 6, 'MATUTINO / VESPERTINO', '07:00 as 16:48', 'rota5.lote2es@gmail.com', 1, '2025-09-17 22:28:23', '2025-09-17 22:28:23'),
(19, '1058', 'CEEFMTI PROF MAURA ABAURRE', 'VILA VELHA', 'ESPIRITO SANTO', 'BRASIL', 'CEEFMTI PROF MAURA ABAURRE', 'RUA ONZE', '100', 'VILA NOVA', '29105-110', 'FLAVIA', 'BIANKA', 'VILA VELHA', 'ROTA 02 VVL', NULL, 'LOTE 02', '288', NULL, 'SEMANAL', NULL, NULL, 'ATIVA', 7, 'MAT / VESP / NOTURNO', '07:00 as 21:00', 'rota5.lote2es@gmail.com', 1, '2025-09-17 22:28:23', '2025-09-17 22:28:23'),
(20, '1056', 'EEEFM CATHARINA CHEQUER', 'VILA VELHA', 'ESPIRITO SANTO', 'BRASIL', 'EEEFM CATHARINA CHEQUER', 'RUA ALECRIM', '100', 'NOVO MEXICO', '29104-100', 'FLAVIA', 'BIANKA', 'VILA VELHA', 'ROTA 02 VVL', NULL, 'LOTE 02', '288', NULL, 'SEMANAL', NULL, NULL, 'ATIVA', 8, 'MAT / VESP / NOTURNO', '07:00 as 21:00', 'rota5.lote2es@gmail.com', 1, '2025-09-17 22:28:23', '2025-09-17 22:28:23'),
(21, '1053', 'EEEFM BENICIO GONCALVES', 'VILA VELHA', 'ESPIRITO SANTO', 'BRASIL', 'EEEFM BENICIO GONCALVES', 'AVENIDA GABRIEL DA PALHA', 'S/N', 'VALE ENCANTADO', '29113-300', 'FLAVIA', 'BIANKA', 'VILA VELHA', 'ROTA 02 VVL', NULL, 'LOTE 02', '288', NULL, 'SEMANAL', NULL, NULL, 'ATIVA', 9, 'MAT / VESP / NOTURNO', '07:00 as 21:00', 'rota5.lote2es@gmail.com', 1, '2025-09-17 22:28:23', '2025-09-17 22:28:23'),
(22, '1077', 'EEEFM MARIA DE NOVAES PINHEIRO', 'VIANA', 'ESPIRITO SANTO', 'BRASIL', 'EEEFM MARIA DE NOVAES PINHEIRO', 'RUA SANTA HELENA', '125', 'VILA BETHANIA', '29130-010', 'IVINY', 'BIANKA', 'VILA VELHA', 'ROTA 02 VVL', NULL, 'LOTE 02', '288', NULL, 'SEMANAL', NULL, NULL, 'ATIVA', 10, 'MATUTINO / VESPERTINO', '07:00 as 16:48', 'rota6.lote2es@gmail.com', 1, '2025-09-17 22:28:23', '2025-09-17 22:28:23'),
(23, '1076', 'EEEM IRMA DULCE LOPES PONTE', 'VIANA', 'ESPIRITO SANTO', 'BRASIL', 'EEEM IRMA DULCE LOPES PONTE', 'RUA ESPIRITO SANTO', 'S/N', 'MARCILIO DE NORONHA', '29130-010', 'IVINY', 'BIANKA', 'VILA VELHA', 'ROTA 02 VVL', NULL, 'LOTE 02', '288', NULL, 'SEMANAL', NULL, NULL, 'ATIVA', 11, 'MAT / VESP / NOTURNO', '07:00 as 21:00', 'rota6.lote2es@gmail.com', 1, '2025-09-17 22:28:23', '2025-09-17 22:28:23'),
(24, '1074', 'EEEM AUGUSTO RUSCHI', 'VIANA', 'ESPIRITO SANTO', 'BRASIL', 'EEEM AUGUSTO RUSCHI', 'RUA GOIAS', 'S/N', 'UNIVERSAL', '29130-010', 'IVINY', 'BIANKA', 'VILA VELHA', 'ROTA 02 VVL', NULL, 'LOTE 02', '288', NULL, 'SEMANAL', NULL, NULL, 'ATIVA', 12, 'NOTURNO', '16:00 as 21:00', 'rota6.lote2es@gmail.com', 1, '2025-09-17 22:28:23', '2025-09-17 22:28:23'),
(25, '1081', 'EEEFM PROF FILOMENA QUITIBA', 'PIUMA', 'ESPIRITO SANTO', 'BRASIL', 'EEEFM PROF FILOMENA QUITIBA', 'RUA MIMOSO DO SUL', '884', 'CENTRO', '29285-000', 'RAYSSA', 'BIANKA', 'VILA VELHA', 'ROTA 03 VVL', NULL, 'LOTE 02', '288', NULL, 'SEMANAL', NULL, NULL, 'ATIVA', 1, 'MATUTINO / VESPERTINO', '07:00 as 16:48', 'rota7.lote2es@gmail.com', 1, '2025-09-17 22:28:23', '2025-09-17 22:28:23'),
(26, '1080', 'EEEFM CORONEL GOMES DE OLIVEIR', 'ANCHIETA', 'ESPIRITO SANTO', 'BRASIL', 'EEEFM CORONEL GOMES DE OLIVEIRA', 'ESTRADA DE RODAGEM ESTADUAL ANCHIETA X JABAQUARA', '1078', 'NOVA ESPERRANÇA', '29230-000', 'RAYSSA', 'BIANKA', 'VILA VELHA', 'ROTA 03 VVL', NULL, 'LOTE 02', '288', NULL, 'SEMANAL', NULL, NULL, 'ATIVA', 2, 'MATUTINO / VESPERTINO', '07:00 as 16:48', 'rota7.lote2es@gmail.com', 1, '2025-09-17 22:28:23', '2025-09-17 22:28:23'),
(27, '1079', 'CEEMTI PAULO FREIRE (ANCHIETA)', 'ANCHIETA', 'ESPIRITO SANTO', 'BRASIL', 'CEEMTI PAULO FREIRE (ANCHIETA)', 'AVENIDA MARIANA DAMAZIO FLORES', '701', 'ANCHIETA', '29230-000', 'RAYSSA', 'BIANKA', 'VILA VELHA', 'ROTA 03 VVL', NULL, 'LOTE 02', '288', NULL, 'SEMANAL', NULL, NULL, 'ATIVA', 3, 'MATUTINO / VESPERTINO', '07:00 as 16:48', 'rota7.lote2es@gmail.com', 1, '2025-09-17 22:28:23', '2025-09-17 22:28:23'),
(28, '1010', 'EEEF MANOEL ROSINDO DA SILVA', 'GUARAPARI', 'ESPIRITO SANTO', 'BRASIL', 'EEEF MANOEL ROSINDO DA SILVA', 'AVENIDA SANTANA', NULL, 'MEAIPE', '29208-180', 'RAYSSA', 'BIANKA', 'VILA VELHA', 'ROTA 03 VVL', NULL, 'LOTE 02', '288', NULL, 'SEMANAL', NULL, NULL, 'ATIVA', 4, 'MAT / VESP / NOTURNO', '07:00 as 21:00', 'rota7.lote2es@gmail.com', 1, '2025-09-17 22:28:23', '2025-09-17 22:28:23'),
(29, '1009', 'EEEFM LYRA RIBEIRO SANTOS', 'GUARAPARI', 'ESPIRITO SANTO', 'BRASIL', 'EEEFM LYRA RIBEIRO SANTOS', 'RUA WALTRUDES ALVES ROSA', NULL, 'KUBITSCHEK', '29203-150', 'RAYSSA', 'BIANKA', 'VILA VELHA', 'ROTA 03 VVL', NULL, 'LOTE 02', '288', NULL, 'SEMANAL', NULL, NULL, 'ATIVA', 5, 'MATUTINO / VESPERTINO', '07:00 as 16:48', 'rota7.lote2es@gmail.com', 1, '2025-09-17 22:28:23', '2025-09-17 22:28:23'),
(30, '1008', 'EEEFM ZENOBIA LEAO', 'GUARAPARI', 'ESPIRITO SANTO', 'BRASIL', 'EEEFM ZENOBIA LEAO', 'RUA FERNANDO DE ABREU', '417', 'SAO JUDAS TADEU', '29200-490', 'RAYSSA', 'BIANKA', 'VILA VELHA', 'ROTA 03 VVL', NULL, 'LOTE 02', '288', NULL, 'SEMANAL', NULL, NULL, 'ATIVA', 6, 'MAT / VESP / NOTURNO', '07:00 as 21:00', 'rota7.lote2es@gmail.com', 1, '2025-09-17 22:28:23', '2025-09-17 22:28:23'),
(31, '1007', 'EEEM GUARAPARI', 'GUARAPARI', 'ESPIRITO SANTO', 'BRASIL', 'EEEM GUARAPARI', 'RUA JOAQUIM DA SILVA LIMA', '58', 'CENTRO', '29200-260', 'RAYSSA', 'BIANKA', 'VILA VELHA', 'ROTA 03 VVL', NULL, 'LOTE 02', '288', NULL, 'SEMANAL', NULL, NULL, 'ATIVA', 7, 'MATUTINO / VESPERTINO', '07:00 as 16:48', 'rota7.lote2es@gmail.com', 1, '2025-09-17 22:28:23', '2025-09-17 22:28:23'),
(32, '1006', 'EEEFM ZULEIMA FORTES FARIA', 'GUARAPARI', 'ESPIRITO SANTO', 'BRASIL', 'EEEFM ZULEIMA FORTES FARIA', 'AVENIDA ANTONIO GUIMARAES', '100', 'ITAPEBUSSU', '29210-190', 'RAYSSA', 'BIANKA', 'VILA VELHA', 'ROTA 03 VVL', NULL, 'LOTE 02', '288', NULL, 'SEMANAL', NULL, NULL, 'ATIVA', 8, 'MATUTINO / VESPERTINO', '07:00 as 16:48', 'rota7.lote2es@gmail.com', 1, '2025-09-17 22:28:23', '2025-09-17 22:28:23'),
(33, '1005', 'EEEFM ANGELICA PAIXAO', 'GUARAPARI', 'ESPIRITO SANTO', 'BRASIL', 'EEEFM ANGELICA PAIXAO', 'RUA PROJETADA', NULL, 'ITAPEBUSSU', '29210-210', 'FLAVIA', 'BIANKA', 'VILA VELHA', 'ROTA 03 VVL', NULL, 'LOTE 02', '288', NULL, 'SEMANAL', NULL, NULL, 'ATIVA', 9, 'MAT / VESP / NOTURNO', '07:00 as 21:00', 'rota5.lote2es@gmail.com', 1, '2025-09-17 22:28:23', '2025-09-17 22:28:23'),
(34, '1004', 'EEEM DR SILVA MELLO', 'GUARAPARI', 'ESPIRITO SANTO', 'BRASIL', 'EEEM DR SILVA MELLO', 'RUA HORACIO SANTANA', '155', 'PARQUE DA AREIA\n PRETA', '29200-750', 'RAYSSA', 'BIANKA', 'VILA VELHA', 'ROTA 03 VVL', NULL, 'LOTE 02', '288', NULL, 'SEMANAL', NULL, NULL, 'ATIVA', 10, 'MATUTINO / VESPERTINO', '07:00 as 16:48', 'rota7.lote2es@gmail.com', 1, '2025-09-17 22:28:23', '2025-09-17 22:28:23'),
(35, '1003', 'EEEFM LEANDRO ESCOBAR', 'GUARAPARI', 'ESPIRITO SANTO', 'BRASIL', 'EEEFM LEANDRO ESCOBAR', 'RUA CAMPO BELO', NULL, 'SANTA ROSA', '29220-525', 'RAYSSA', 'BIANKA', 'VILA VELHA', 'ROTA 03 VVL', NULL, 'LOTE 02', '288', NULL, 'SEMANAL', NULL, NULL, 'ATIVA', 11, 'MAT / VESP / NOTURNO', '07:00 as 21:00', 'rota7.lote2es@gmail.com', 1, '2025-09-17 22:28:23', '2025-09-17 22:28:23'),
(36, '1002', 'EEEFM RIO CLARO', 'GUARAPARI', 'ESPIRITO SANTO', 'BRASIL', 'EEEFM RIO CLARO', 'RUA RIO CLARO', NULL, 'ZONA RURAL', '29200-010', 'IVINY', 'BIANKA', 'VILA VELHA', 'ROTA 03 VVL', NULL, 'LOTE 02', '288', NULL, 'SEMANAL', NULL, NULL, 'ATIVA', 12, 'MATUTINO / VESPERTINO', '07:00 as 16:48', 'rota6.lote2es@gmail.com', 1, '2025-09-17 22:28:23', '2025-09-17 22:28:23'),
(37, '1078', 'EEEFM NELSON VIEIRA PIMENTEL', 'VIANA', 'ESPIRITO SANTO', 'BRASIL', 'EEEFM NELSON VIEIRA PIMENTEL', 'RUA DOUTOR OLIVAL PIMENTEL', '124', 'CENTRO', '29130-145', 'IVINY', 'BIANKA', 'VILA VELHA', 'ROTA 04 VVL', NULL, 'LOTE 02', '288', NULL, 'SEMANAL', NULL, NULL, 'ATIVA', 1, 'MATUTINO / VESPERTINO', '07:00 as 16:48', 'rota6.lote2es@gmail.com', 1, '2025-09-17 22:28:23', '2025-09-17 22:28:23'),
(38, '1020', 'EEEFM TEOFILO PAULINO', 'DOMINGOS MARTINS', 'ESPIRITO SANTO', 'BRASIL', 'EEEFM TEOFILO PAULINO', 'ALAMEDA DOS PINHAIS', 'S/N', 'CENTRO', '29260-000', 'IVINY', 'BIANKA', 'VILA VELHA', 'ROTA 04 VVL', NULL, 'LOTE 02', '288', NULL, 'SEMANAL', NULL, NULL, 'ATIVA', 2, 'MATUTINO / VESPERTINO', '07:00 as 16:48', 'rota6.lote2es@gmail.com', 1, '2025-09-17 22:28:23', '2025-09-17 22:28:23'),
(39, '1021', 'EEEFM EMILIO OSCAR HULLE', 'MARECHAL FLORIANO', 'ESPIRITO SANTO', 'BRASIL', 'EEEFM EMILIO OSCAR HULLE', 'RUA COLINA DA FE E DA CIENCIA', '0', 'CENTRO', '29255-000', 'IVINY', 'BIANKA', 'VILA VELHA', 'ROTA 04 VVL', NULL, 'LOTE 02', '288', NULL, 'SEMANAL', NULL, NULL, 'ATIVA', 3, 'MATUTINO / VESPERTINO', '07:00 as 16:48', 'rota6.lote2es@gmail.com', 1, '2025-09-17 22:28:23', '2025-09-17 22:28:23'),
(40, '1023', 'EEEFM DE PONTO DO ALTO', 'DOMINGOS MARTINS', 'ESPIRITO SANTO', 'BRASIL', 'EEEFM DE PONTO DO ALTO', 'RUA REINOLDO KIEFER', '92', 'PONTO ALTO', '29273-993', 'IVINY', 'BIANKA', 'VILA VELHA', 'ROTA 04 VVL', NULL, 'LOTE 02', '288', NULL, 'SEMANAL', NULL, NULL, 'ATIVA', 4, 'MATUTINO / VESPERTINO', '07:00 as 16:48', 'rota6.lote2es@gmail.com', 1, '2025-09-17 22:28:23', '2025-09-17 22:28:23'),
(41, '1022', 'EEEFM GISELA SALLOKER FAYET', 'DOMINGOS MARTINS', 'ESPIRITO SANTO', 'BRASIL', 'EEEFM GISELA SALLOKER FAYET', 'ESTRADA PRINCIPAL', '35', 'PARAJU', '29273-000', 'IVINY', 'BIANKA', 'VILA VELHA', 'ROTA 04 VVL', NULL, 'LOTE 02', '288', NULL, 'SEMANAL', NULL, NULL, 'ATIVA', 5, 'MATUTINO / VESPERTINO', '07:00 as 16:48', 'rota6.lote2es@gmail.com', 1, '2025-09-17 22:28:23', '2025-09-17 22:28:23'),
(42, '1025', 'EEEFM VICTORIO BRAVIM', 'MARECHAL FLORIANO', 'ESPIRITO SANTO', 'BRASIL', 'EEEFM VICTORIO BRAVIM', 'RUA PROJETADA', 'S/N', 'ARAGUAIA', '29258-000', 'KAROLLINE', 'BIANKA', 'VILA VELHA', 'ROTA 04 VVL', NULL, 'LOTE 02', '288', NULL, 'SEMANAL', NULL, NULL, 'ATIVA', 6, 'MATUTINO / VESPERTINO', '07:00 as 16:48', 'rota1.lote2es@gmail.com', 1, '2025-09-17 22:28:23', '2025-09-17 22:28:23'),
(43, '1026', 'EEEFM CAMILA MOTTA (ANEXO FELI', 'ALFREDO CHAVES', 'ESPIRITO SANTO', 'BRASIL', 'EEEFM CAMILA MOTTA (ANEXO FELIPE MODULO)', 'ES-383, RUA JOSE MARIA CAMILETTI', 'S/N', 'MATILDE', '29240-000', 'RAYSSA', 'BIANKA', 'VILA VELHA', 'ROTA 04 VVL', NULL, 'LOTE 02', '288', NULL, 'SEMANAL', NULL, NULL, 'ATIVA', 7, 'NOTURNO', '16:00 as 21:00', 'rota7.lote2es@gmail.com', 1, '2025-09-17 22:28:23', '2025-09-17 22:28:23'),
(44, '1027', 'EEEFM CAMILA MOTTA', 'ALFREDO CHAVES', 'ESPIRITO SANTO', 'BRASIL', 'EEEFM CAMILA MOTTA', 'RUA NELSON DA COSTA MELLO', '197', 'OURO BRANCO', '29240-000', 'RAYSSA', 'BIANKA', 'VILA VELHA', 'ROTA 04 VVL', NULL, 'LOTE 02', '288', NULL, 'SEMANAL', NULL, NULL, 'ATIVA', 8, 'MATUTINO / VESPERTINO', '07:00 as 16:48', 'rota7.lote2es@gmail.com', 1, '2025-09-17 22:28:23', '2025-09-17 22:28:23'),
(45, '1051', 'EEEM FRANCISCO GUILHERME', 'SANTA MARIA DE JETIBA', 'ESPIRITO SANTO', 'BRASIL', 'EEEM FRANCISCO GUILHERME', 'AVENIDA JOÃO PEDRO LAUVERS', 'S/N', 'GARRAFAO', '29645-000', 'SOLINEIA', 'BIANKA', 'VILA VELHA', 'ROTA 05 VVL', NULL, 'LOTE 02', '288', NULL, 'SEMANAL', NULL, NULL, 'ATIVA', 1, 'VESPERTINO', '12:00 as 17:00', 'rota2.lote2es@gmail.com', 1, '2025-09-17 22:28:23', '2025-09-17 22:28:23'),
(46, '1052', 'EEEM MATA FRIA', 'AFONSO CLAUDIO', 'ESPIRITO SANTO', 'BRASIL', 'EEEM MATA FRIA', 'CORREGO FRANCISCO CORREA', 'S/N', 'MATA FRIA', '29600-000', 'SOLINEIA', 'BIANKA', 'VILA VELHA', 'ROTA 05 VVL', NULL, 'LOTE 02', '288', NULL, 'SEMANAL', NULL, NULL, 'ATIVA', 2, 'NOTURNO', '16:00 as 21:00', 'rota2.lote2es@gmail.com', 1, '2025-09-17 22:28:23', '2025-09-17 22:28:23'),
(47, '1050', 'EEEFM ALTO RIO POSSMOSER', 'SANTA MARIA DE JETIBA', 'ESPIRITO SANTO', 'BRASIL', 'EEEFM ALTO RIO POSSMOSER', 'AVENIDA GERMANO MARQUARDT', 'S/N', 'ALTO RIO POSSMOSER', '29645-000', 'SOLINEIA', 'BIANKA', 'VILA VELHA', 'ROTA 05 VVL', NULL, 'LOTE 02', '288', NULL, 'SEMANAL', NULL, NULL, 'ATIVA', 3, 'MATUTINO / VESPERTINO', '07:00 as 16:48', 'rota2.lote2es@gmail.com', 1, '2025-09-17 22:28:23', '2025-09-17 22:28:23'),
(48, '1049', 'EEEFM FAZENDA EMILIO S (ANEXO)', 'SANTA MARIA DE JETIBA', 'ESPIRITO SANTO', 'BRASIL', 'EEEFM FAZENDA EMILIO SCHROEDER (ANEXO)', 'ALTO ALTO SANTA MARIA', 'S/N', 'ZONA RURAL', '29645-000', 'SOLINEIA', 'BIANKA', 'VILA VELHA', 'ROTA 05 VVL', NULL, 'LOTE 02', '288', NULL, 'SEMANAL', NULL, NULL, 'ATIVA', 4, 'MATUTINO', '7:00 as 12:00', 'rota2.lote2es@gmail.com', 1, '2025-09-17 22:28:23', '2025-09-17 22:28:23'),
(49, '1048', 'EEEFM FAZENDA EMILIO SCHROEDER', 'SANTA MARIA DE JETIBA', 'ESPIRITO SANTO', 'BRASIL', 'EEEFM FAZENDA EMILIO SCHROEDER', 'ALTO ALTO SANTA MARIA', 'S/N', 'ZONA RURAL', '29645-000', 'SOLINEIA', 'BIANKA', 'VILA VELHA', 'ROTA 05 VVL', NULL, 'LOTE 02', '288', NULL, 'SEMANAL', NULL, NULL, 'ATIVA', 5, 'MATUTINO / VESPERTINO', '07:00 as 16:48', 'rota2.lote2es@gmail.com', 1, '2025-09-17 22:28:23', '2025-09-17 22:28:23'),
(50, '1047', 'EEEFM GRACA ARANHA', 'SANTA MARIA DE JETIBA', 'ESPIRITO SANTO', 'BRASIL', 'EEEFM GRACA ARANHA', 'RUA HERMANN ROELKE', '131', 'CENTRO', '29645-000', 'SOLINEIA', 'BIANKA', 'VILA VELHA', 'ROTA 05 VVL', NULL, 'LOTE 02', '288', NULL, 'SEMANAL', NULL, NULL, 'ATIVA', 6, 'MAT / VESP / NOTURNO', '07:00 as 21:00', 'rota2.lote2es@gmail.com', 1, '2025-09-17 22:28:23', '2025-09-17 22:28:23'),
(51, '1046', 'EEEFM SAO LUIS', 'SANTA MARIA DE JETIBA', 'ESPIRITO SANTO', 'BRASIL', 'EEEFM SAO LUIS', 'RUA HENRIQUE JJ KUSTER', '355', 'SAO LUIS', '29645-000', 'SOLINEIA', 'BIANKA', 'VILA VELHA', 'ROTA 05 VVL', NULL, 'LOTE 02', '288', NULL, 'SEMANAL', NULL, NULL, 'ATIVA', 7, 'MATUTINO / VESPERTINO', '07:00 as 16:48', 'rota2.lote2es@gmail.com', 1, '2025-09-17 22:28:23', '2025-09-17 22:28:23'),
(52, '1045', 'EEEFM PROF HERMANN BERGER', 'SANTA MARIA DE JETIBA', 'ESPIRITO SANTO', 'BRASIL', 'EEEFM PROF HERMANN BERGER', 'RODOVIA DR AFONSO SCHWAB KM5', 'S/N', 'SAO SEBASTIAO DE\n BELEM', '29645-000', 'SOLINEIA', 'BIANKA', 'VILA VELHA', 'ROTA 05 VVL', NULL, 'LOTE 02', '288', NULL, 'SEMANAL', NULL, NULL, 'ATIVA', 8, 'MATUTINO / VESPERTINO', '07:00 as 16:48', 'rota2.lote2es@gmail.com', 1, '2025-09-17 22:28:23', '2025-09-17 22:28:23'),
(53, '1044', 'EEEFM FREDERICO BOLDT', 'SANTA MARIA DE JETIBA', 'ESPIRITO SANTO', 'BRASIL', 'EEEFM FREDERICO BOLDT', 'RUA ARTHUR LEMKE', 'S/N', 'CARAMURU', '29645-000', 'SOLINEIA', 'BIANKA', 'VILA VELHA', 'ROTA 05 VVL', NULL, 'LOTE 02', '288', NULL, 'SEMANAL', NULL, NULL, 'ATIVA', 9, 'MATUTINO / VESPERTINO', '07:00 as 16:48', 'rota2.lote2es@gmail.com', 1, '2025-09-17 22:28:23', '2025-09-17 22:28:23'),
(54, '1011', 'EEEFM ALTO JATIBOCAS', 'ITARANA', 'ESPIRITO SANTO', 'BRASIL', 'EEEFM ALTO JATIBOCAS', 'ALTO JATIBÓCAS', 'S/N', 'ALTO JATIBOCAS', '29620-000', 'SOLINEIA', 'BIANKA', 'VILA VELHA', 'ROTA 05 VVL', NULL, 'LOTE 02', '288', NULL, 'SEMANAL', NULL, NULL, 'ATIVA', 10, 'MATUTINO / VESPERTINO', '07:00 as 16:48', 'rota2.lote2es@gmail.com', 1, '2025-09-17 22:28:23', '2025-09-17 22:28:23'),
(55, '1013', 'EEEFM PROF ALEYDE COSME', 'ITARANA', 'ESPIRITO SANTO', 'BRASIL', 'EEEFM PROF ALEYDE COSME', 'RUA VALENTIN DE MARTIN', '303', 'CENTRO', '29620-000', 'SOLINEIA', 'BIANKA', 'VILA VELHA', 'ROTA 05 VVL', NULL, 'LOTE 02', '288', NULL, 'SEMANAL', NULL, NULL, 'ATIVA', 11, 'MATUTINO / VESPERTINO', '07:00 as 16:48', 'rota2.lote2es@gmail.com', 1, '2025-09-17 22:28:23', '2025-09-17 22:28:23'),
(56, '1017', 'EEEFM EURICO SALLES', 'ITAGUACU', 'ESPIRITO SANTO', 'BRASIL', 'EEEFM EURICO SALLES', 'AVENIDA 17 DE FEVEREIRO', '160', 'CENTRO', '29690-000', 'BEATRIZ', 'BIANKA', 'VILA VELHA', 'ROTA 05 VVL', NULL, 'LOTE 02', '288', NULL, 'SEMANAL', NULL, NULL, 'ATIVA', 12, 'MATUTINO / VESPERTINO', '07:00 as 16:48', 'rota3.lote2es@gmail.com', 1, '2025-09-17 22:28:23', '2025-09-17 22:28:23'),
(57, '1018', 'EEEFM FABIANO FRANCISCO TOMASI', 'ITAGUACU', 'ESPIRITO SANTO', 'BRASIL', 'EEEFM FABIANO FRANCISCO TOMASINI', 'ESTRADA ALTO LAGE', 'S/N', 'ZONA RURAL', '29690-000', 'BEATRIZ', 'BIANKA', 'VILA VELHA', 'ROTA 05 VVL', NULL, 'LOTE 02', '288', NULL, 'SEMANAL', NULL, NULL, 'ATIVA', 13, 'MATUTINO / VESPERTINO', '07:00 as 16:48', 'rota3.lote2es@gmail.com', 1, '2025-09-17 22:28:23', '2025-09-17 22:28:23'),
(58, '1019', 'EEEFM ALFREDO LEMOS', 'ITAGUACU', 'ESPIRITO SANTO', 'BRASIL', 'EEEFM ALFREDO LEMOS', 'RUA MALVINA PASSAMANI', 'S/N', 'ITAIMBE', '29690-000', 'BEATRIZ', 'BIANKA', 'VILA VELHA', 'ROTA 05 VVL', NULL, 'LOTE 02', '288', NULL, 'SEMANAL', NULL, NULL, 'ATIVA', 14, 'MATUTINO / VESPERTINO', '07:00 as 16:48', 'rota3.lote2es@gmail.com', 1, '2025-09-17 22:28:23', '2025-09-17 22:28:23'),
(59, '1014', 'EEEFM JOAQUIM CAETANO DE PAIVA', 'LARANJA DA TERRA', 'ESPIRITO SANTO', 'BRASIL', 'EEEFM JOAQUIM CAETANO DE PAIVA', 'RUA GUILHERME PIZZAIA', 'S/N', 'JOATUBA', '29615-000', 'BEATRIZ', 'BIANKA', 'VILA VELHA', 'ROTA 05 VVL', NULL, 'LOTE 02', '288', NULL, 'SEMANAL', NULL, NULL, 'ATIVA', 15, 'MATUTINO / VESPERTINO', '07:00 as 16:48', 'rota3.lote2es@gmail.com', 1, '2025-09-17 22:28:23', '2025-09-17 22:28:23'),
(60, '1015', 'EEEFM LUIZ JOUFFROY', 'LARANJA DA TERRA', 'ESPIRITO SANTO', 'BRASIL', 'EEEFM LUIZ JOUFFROY', 'AVENIDA CARLOS PALACIO', '264', 'CENTRO', '29615-000', 'BEATRIZ', 'BIANKA', 'VILA VELHA', 'ROTA 05 VVL', NULL, 'LOTE 02', '288', NULL, 'SEMANAL', NULL, NULL, 'ATIVA', 16, 'MATUTINO / VESPERTINO', '07:00 as 16:48', 'rota3.lote2es@gmail.com', 1, '2025-09-17 22:28:23', '2025-09-17 22:28:23'),
(61, '1016', 'EEEM SOBREIRO', 'LARANJA DA TERRA', 'ESPIRITO SANTO', 'BRASIL', 'EEEM SOBREIRO', 'RUA PRINCIPAL', 'S/N', 'SOBREIRO', '29615-000', 'BEATRIZ', 'BIANKA', 'VILA VELHA', 'ROTA 05 VVL', NULL, 'LOTE 02', '288', NULL, 'SEMANAL', NULL, NULL, 'ATIVA', 17, 'MATUTINO / VESPERTINO', '07:00 as 16:48', 'rota3.lote2es@gmail.com', 1, '2025-09-17 22:28:23', '2025-09-17 22:28:23'),
(62, '1024', 'EEEFM PEDRA AZUL (PEDREIRAS)', 'DOMINGOS MARTINS', 'ESPIRITO SANTO', 'BRASIL', 'EEEFM PEDRA AZUL (PEDREIRAS)', 'RUA PETERLE', 'S/N', 'PEDRA AZUL', '29278-000', 'KAROLLINE', 'BIANKA', 'VILA VELHA', 'ROTA 06 VVL', NULL, 'LOTE 02', '288', NULL, 'SEMANAL', NULL, NULL, 'ATIVA', 1, 'MATUTINO / VESPERTINO', '07:00 as 16:48', 'rota1.lote2es@gmail.com', 1, '2025-09-17 22:28:23', '2025-09-17 22:28:23'),
(63, '1034', 'EEEF DOMINGOS PERIM', 'VENDA NOVA DO IMIGRANTE', 'ESPIRITO SANTO', 'BRASIL', 'EEEF DOMINGOS PERIM', 'RUA LA VILLE', '134', 'TRINTA DE DEZEMBRO', '29375-000', 'KAROLLINE', 'BIANKA', 'VILA VELHA', 'ROTA 06 VVL', NULL, 'LOTE 02', '288', NULL, 'SEMANAL', NULL, NULL, 'ATIVA', 2, 'MATUTINO / VESPERTINO', '07:00 as 16:48', 'rota1.lote2es@gmail.com', 1, '2025-09-17 22:28:23', '2025-09-17 22:28:23'),
(64, '1035', 'EEEFM FIORAVANTE CALIMAN', 'VENDA NOVA DO IMIGRANTE', 'ESPIRITO SANTO', 'BRASIL', 'EEEFM FIORAVANTE CALIMAN', 'AVENIDA EVANDI AMERICO\n COMARELA', '675', 'CENTRO', '29375-000', 'KAROLLINE', 'BIANKA', 'VILA VELHA', 'ROTA 06 VVL', NULL, 'LOTE 02', '288', NULL, 'SEMANAL', NULL, NULL, 'ATIVA', 3, 'MAT / VESP / NOTURNO', '07:00 as 21:00', 'rota1.lote2es@gmail.com', 1, '2025-09-17 22:28:23', '2025-09-17 22:28:23'),
(65, '1028', 'EEEFM JOSE GIESTAS', 'AFONSO CLAUDIO', 'ESPIRITO SANTO', 'BRASIL', 'EEEFM JOSE GIESTAS', 'RUA WERNER RUCHDESCHEL', '227', 'VILA PONTOES', '29604-000', 'BEATRIZ', 'BIANKA', 'VILA VELHA', 'ROTA 06 VVL', NULL, 'LOTE 02', '288', NULL, 'SEMANAL', NULL, NULL, 'ATIVA', 4, 'MATUTINO / VESPERTINO', '07:00 as 16:48', 'rota3.lote2es@gmail.com', 1, '2025-09-17 22:28:23', '2025-09-17 22:28:23'),
(66, '1029', 'EEEFM MARIA DE ABREU ALVIM', 'AFONSO CLAUDIO', 'ESPIRITO SANTO', 'BRASIL', 'EEEFM MARIA DE ABREU ALVIM', 'RUA ANTONIETA SOUZA LIMA', 'S/N', 'FAZENDA GUANDU', '29609-000', 'BEATRIZ', 'BIANKA', 'VILA VELHA', 'ROTA 06 VVL', NULL, 'LOTE 02', '288', NULL, 'SEMANAL', NULL, NULL, 'ATIVA', 5, 'MATUTINO / VESPERTINO', '07:00 as 16:48', 'rota3.lote2es@gmail.com', 1, '2025-09-17 22:28:23', '2025-09-17 22:28:23'),
(67, '1030', 'EEEFM JOSE ROBERTO CHRISTO', 'AFONSO CLAUDIO', 'ESPIRITO SANTO', 'BRASIL', 'EEEFM JOSE ROBERTO CHRISTO', 'RUA ALIPIO VIEIRA DA CUNHA', '307', 'PIRACEMA', '29600-000', 'BEATRIZ', 'BIANKA', 'VILA VELHA', 'ROTA 06 VVL', NULL, 'LOTE 02', '288', NULL, 'SEMANAL', NULL, NULL, 'ATIVA', 6, 'MATUTINO / VESPERTINO', '07:00 as 16:48', 'rota3.lote2es@gmail.com', 1, '2025-09-17 22:28:23', '2025-09-17 22:28:23'),
(68, '1031', 'EEEFM JOSE CUPERTINO', 'AFONSO CLAUDIO', 'ESPIRITO SANTO', 'BRASIL', 'EEEFM JOSE CUPERTINO', 'RUA UTE AMELIA GASTIN PADUA', '49', 'SÃO TARCISIO', '29600-000', 'BEATRIZ', 'BIANKA', 'VILA VELHA', 'ROTA 06 VVL', NULL, 'LOTE 02', '288', NULL, 'SEMANAL', NULL, NULL, 'ATIVA', 7, 'MATUTINO / VESPERTINO', '07:00 as 16:48', 'rota3.lote2es@gmail.com', 1, '2025-09-17 22:28:23', '2025-09-17 22:28:23'),
(69, '1032', 'CEEMTI AFONSO CLAUDIO', 'AFONSO CLAUDIO', 'ESPIRITO SANTO', 'BRASIL', 'CEEMTI AFONSO CLAUDIO', 'RUA UTE AMELIA GASTIN PADUA', '50/124', 'SAO TARCISIO', '29600-000', 'BEATRIZ', 'BIANKA', 'VILA VELHA', 'ROTA 06 VVL', NULL, 'LOTE 02', '288', NULL, 'SEMANAL', NULL, NULL, 'ATIVA', 8, 'MATUTINO / VESPERTINO', '07:00 as 16:48', 'rota3.lote2es@gmail.com', 1, '2025-09-17 22:28:23', '2025-09-17 22:28:23'),
(70, '1033', 'EEEFM ELVIRA BARROS', 'AFONSO CLAUDIO', 'ESPIRITO SANTO', 'BRASIL', 'EEEFM ELVIRA BARROS', 'AVENIDA LEVY DIAS DE CARVALHO', '200', 'SERRA PELADA', '29603-000', 'BEATRIZ', 'BIANKA', 'VILA VELHA', 'ROTA 06 VVL', NULL, 'LOTE 02', '288', NULL, 'SEMANAL', NULL, NULL, 'ATIVA', 9, 'MATUTINO / VESPERTINO', '07:00 as 16:48', 'rota3.lote2es@gmail.com', 1, '2025-09-17 22:28:23', '2025-09-17 22:28:23'),
(71, '1040', 'EEEFM SAO JORGE', 'BREJETUBA', 'ESPIRITO SANTO', 'BRASIL', 'EEEFM SAO JORGE', 'RUA NEPHTALY ANTONIO\n CAETANO', '160', 'SAO JORGE DE OLIVEIRA', '29635-000', 'KAROLLINE', 'BIANKA', 'VILA VELHA', 'ROTA 06 VVL', NULL, 'LOTE 02', '288', NULL, 'SEMANAL', NULL, NULL, 'ATIVA', 10, 'MATUTINO / VESPERTINO', '07:00 as 16:48', 'rota1.lote2es@gmail.com', 1, '2025-09-17 22:28:23', '2025-09-17 22:28:23'),
(72, '1041', 'EEEFM LEOGILDO SEVERIANO DE SO', 'BREJETUBA', 'ESPIRITO SANTO', 'BRASIL', 'EEEFM LEOGILDO SEVERIANO DE SOUZA', 'FAZENDA LEOGILDO', 'S/N', 'ZONA RURAL', '29630-000', 'KAROLLINE', 'BIANKA', 'VILA VELHA', 'ROTA 06 VVL', NULL, 'LOTE 02', '288', NULL, 'SEMANAL', NULL, NULL, 'ATIVA', 11, 'MATUTINO / VESPERTINO', '07:00 as 16:48', 'rota1.lote2es@gmail.com', 1, '2025-09-17 22:28:23', '2025-09-17 22:28:23'),
(73, '1039', 'EEEFM ALVARO CASTELO', 'BREJETUBA', 'ESPIRITO SANTO', 'BRASIL', 'EEEFM ALVARO CASTELO', 'RUA PRAÇA 15 DE DEZEMBRO', '100', 'BELARMINO ULIANA', '29630-000', 'KAROLLINE', 'BIANKA', 'VILA VELHA', 'ROTA 06 VVL', NULL, 'LOTE 02', '288', NULL, 'SEMANAL', NULL, NULL, 'ATIVA', 12, 'MAT / VESP / NOTURNO', '07:00 as 21:00', 'rota1.lote2es@gmail.com', 1, '2025-09-17 22:28:23', '2025-09-17 22:28:23'),
(74, '1038', 'EEEFM MARLENE BRANDAO', 'BREJETUBA', 'ESPIRITO SANTO', 'BRASIL', 'EEEFM MARLENE BRANDAO', 'ESTRADA DE BREJAUBINHA', '120', 'ZONA RURAL', '29630-000', 'KAROLLINE', 'BIANKA', 'VILA VELHA', 'ROTA 06 VVL', NULL, 'LOTE 02', '288', NULL, 'SEMANAL', NULL, NULL, 'ATIVA', 13, 'MATUTINO / VESPERTINO', '07:00 as 16:48', 'rota1.lote2es@gmail.com', 1, '2025-09-17 22:28:23', '2025-09-17 22:28:23'),
(75, '1037', 'EEEFM FAZENDA CAMPORES', 'BREJETUBA', 'ESPIRITO SANTO', 'BRASIL', 'EEEFM FAZENDA CAMPORES', 'VILA RANCHO DANTAS', 'S/N', 'ZONA RURAL', '29630-000', 'KAROLLINE', 'BIANKA', 'VILA VELHA', 'ROTA 06 VVL', NULL, 'LOTE 02', '288', NULL, 'SEMANAL', NULL, NULL, 'ATIVA', 14, 'MATUTINO / VESPERTINO', '07:00 as 16:48', 'rota1.lote2es@gmail.com', 1, '2025-09-17 22:28:23', '2025-09-17 22:28:23'),
(76, '1043', 'EEEFM PROF ALDY SOARES MERCON', 'CONCEICAO DO CASTELO', 'ESPIRITO SANTO', 'BRASIL', 'EEEFM PROF ALDY SOARES MERCON VARGAS', 'PRACA DA MATRIZ', '9', 'CENTRO', '29370-000', 'KAROLLINE', 'BIANKA', 'VILA VELHA', 'ROTA 06 VVL', NULL, 'LOTE 02', '288', NULL, 'SEMANAL', NULL, NULL, 'ATIVA', 15, 'MAT / VESP / NOTURNO', '07:00 as 21:00', 'rota1.lote2es@gmail.com', 1, '2025-09-17 22:28:23', '2025-09-17 22:28:23'),
(77, '1042', 'CEEFMTI ELISA PAIVA', 'CONCEICAO DO CASTELO', 'ESPIRITO SANTO', 'BRASIL', 'CEEFMTI ELISA PAIVA', 'AVENIDA JOSE GRILO', '348', 'CENTRO', '29370-000', 'KAROLLINE', 'BIANKA', 'VILA VELHA', 'ROTA 06 VVL', NULL, 'LOTE 02', '288', NULL, 'SEMANAL', NULL, NULL, 'ATIVA', 16, 'MATUTINO / VESPERTINO', '07:00 as 16:48', 'rota1.lote2es@gmail.com', 1, '2025-09-17 22:28:23', '2025-09-17 22:28:23');

-- --------------------------------------------------------

--
-- Estrutura para tabela `escolas_necessidades`
--

CREATE TABLE `escolas_necessidades` (
  `id` int NOT NULL,
  `nome_escola` varchar(255) COLLATE utf8mb4_unicode_ci NOT NULL,
  `rota` varchar(100) COLLATE utf8mb4_unicode_ci NOT NULL,
  `tipo_entrega` varchar(100) COLLATE utf8mb4_unicode_ci NOT NULL,
  `ativo` tinyint(1) DEFAULT '1',
  `data_cadastro` timestamp NULL DEFAULT CURRENT_TIMESTAMP
) ENGINE=InnoDB DEFAULT CHARSET=utf8mb4 COLLATE=utf8mb4_unicode_ci;

-- --------------------------------------------------------

--
-- Estrutura para tabela `medias_escolas`
--

CREATE TABLE `medias_escolas` (
  `id` int NOT NULL,
  `escola_id` int NOT NULL,
  `nutricionista_id` int NOT NULL,
  `media_eja_parcial` decimal(10,2) DEFAULT '0.00',
  `media_eja_almoco` decimal(10,2) DEFAULT '0.00',
  `media_eja_lanche` decimal(10,2) DEFAULT '0.00',
  `media_eja_eja` decimal(10,2) DEFAULT '0.00',
  `media_almoco_parcial` decimal(10,2) DEFAULT '0.00',
  `media_almoco_almoco` decimal(10,2) DEFAULT '0.00',
  `media_almoco_lanche` decimal(10,2) DEFAULT '0.00',
  `media_almoco_eja` decimal(10,2) DEFAULT '0.00',
  `media_parcial_parcial` decimal(10,2) DEFAULT '0.00',
  `media_parcial_almoco` decimal(10,2) DEFAULT '0.00',
  `media_parcial_lanche` decimal(10,2) DEFAULT '0.00',
  `media_parcial_eja` decimal(10,2) DEFAULT '0.00',
  `media_lanche_parcial` decimal(10,2) DEFAULT '0.00',
  `media_lanche_almoco` decimal(10,2) DEFAULT '0.00',
  `media_lanche_lanche` decimal(10,2) DEFAULT '0.00',
  `media_lanche_eja` decimal(10,2) DEFAULT '0.00',
  `ativo` tinyint(1) DEFAULT '1',
  `data_cadastro` timestamp NULL DEFAULT CURRENT_TIMESTAMP,
  `data_atualizacao` timestamp NULL DEFAULT CURRENT_TIMESTAMP ON UPDATE CURRENT_TIMESTAMP,
  `calculada_automaticamente` tinyint(1) DEFAULT '0' COMMENT 'Indica se a média foi calculada automaticamente a partir de registros diários',
  `quantidade_lancamentos` int DEFAULT '0' COMMENT 'Quantidade de lançamentos utilizados para calcular a média',
  `data_calculo` timestamp NULL DEFAULT NULL COMMENT 'Data e hora do último cálculo da média',
  `ultima_atualizacao_registros` timestamp NULL DEFAULT NULL COMMENT 'Data da última atualização dos registros diários'
) ENGINE=InnoDB DEFAULT CHARSET=utf8mb4 COLLATE=utf8mb4_0900_ai_ci COMMENT='Tabela de médias por escola - pode ser preenchida manualmente ou calculada automaticamente a partir de registros diários';

--
-- Despejando dados para a tabela `medias_escolas`
--

INSERT INTO `medias_escolas` (`id`, `escola_id`, `nutricionista_id`, `media_eja_parcial`, `media_eja_almoco`, `media_eja_lanche`, `media_eja_eja`, `media_almoco_parcial`, `media_almoco_almoco`, `media_almoco_lanche`, `media_almoco_eja`, `media_parcial_parcial`, `media_parcial_almoco`, `media_parcial_lanche`, `media_parcial_eja`, `media_lanche_parcial`, `media_lanche_almoco`, `media_lanche_lanche`, `media_lanche_eja`, `ativo`, `data_cadastro`, `data_atualizacao`, `calculada_automaticamente`, `quantidade_lancamentos`, `data_calculo`, `ultima_atualizacao_registros`) VALUES
(243, 10, 2, 1.00, 0.00, 0.00, 0.00, 0.00, 0.00, 0.00, 0.00, 0.00, 0.00, 0.00, 0.00, 0.00, 0.00, 0.00, 0.00, 1, '2025-09-19 20:43:50', '2025-09-21 13:22:17', 1, 1, '2025-09-21 13:22:17', '2025-09-21 13:22:17'),
(244, 10, 1, 1.00, 0.00, 0.00, 0.00, 0.00, 0.00, 0.00, 0.00, 0.00, 0.00, 0.00, 0.00, 0.00, 0.00, 0.00, 0.00, 1, '2025-09-19 20:43:56', '2025-09-19 20:43:57', 1, 1, '2025-09-19 20:43:57', '2025-09-19 20:43:57');

-- --------------------------------------------------------

--
-- Estrutura para tabela `necessidades`
--

CREATE TABLE `necessidades` (
  `id` int NOT NULL,
  `usuario_email` varchar(255) COLLATE utf8mb4_unicode_ci NOT NULL,
  `produto` varchar(255) COLLATE utf8mb4_unicode_ci NOT NULL,
  `escola` varchar(255) COLLATE utf8mb4_unicode_ci NOT NULL,
  `quantidade` decimal(10,3) NOT NULL,
  `tipo_entrega` varchar(100) COLLATE utf8mb4_unicode_ci NOT NULL,
  `data_consumo` date DEFAULT NULL,
  `frequencia` decimal(10,3) DEFAULT NULL,
  `percapita` decimal(10,3) DEFAULT NULL,
  `grupo_id` int DEFAULT NULL,
  `data_preenchimento` timestamp NULL DEFAULT CURRENT_TIMESTAMP,
  `data_atualizacao` timestamp NULL DEFAULT CURRENT_TIMESTAMP ON UPDATE CURRENT_TIMESTAMP
) ENGINE=InnoDB DEFAULT CHARSET=utf8mb4 COLLATE=utf8mb4_unicode_ci;

-- --------------------------------------------------------

--
-- Estrutura para tabela `permissoes_usuario`
--

CREATE TABLE `permissoes_usuario` (
  `id` int NOT NULL,
  `usuario_id` int NOT NULL,
  `tela` varchar(50) NOT NULL,
  `pode_visualizar` tinyint(1) DEFAULT '0',
  `pode_criar` tinyint(1) DEFAULT '0',
  `pode_editar` tinyint(1) DEFAULT '0',
  `pode_excluir` tinyint(1) DEFAULT '0',
  `criado_em` timestamp NOT NULL DEFAULT CURRENT_TIMESTAMP,
  `atualizado_em` timestamp NOT NULL DEFAULT CURRENT_TIMESTAMP ON UPDATE CURRENT_TIMESTAMP
) ENGINE=InnoDB DEFAULT CHARSET=utf8mb4 COLLATE=utf8mb4_0900_ai_ci;

--
-- Despejando dados para a tabela `permissoes_usuario`
--

INSERT INTO `permissoes_usuario` (`id`, `usuario_id`, `tela`, `pode_visualizar`, `pode_criar`, `pode_editar`, `pode_excluir`, `criado_em`, `atualizado_em`) VALUES
(8, 5, 'usuarios', 0, 0, 0, 0, '2025-09-18 14:27:31', '2025-09-18 14:27:31'),
(9, 6, 'usuarios', 0, 0, 0, 0, '2025-09-18 14:27:31', '2025-09-18 14:27:31'),
(10, 7, 'usuarios', 0, 0, 0, 0, '2025-09-18 14:27:31', '2025-09-18 14:27:31'),
(11, 8, 'usuarios', 0, 0, 0, 0, '2025-09-18 14:27:31', '2025-09-18 14:27:31'),
(15, 5, 'necessidades', 1, 1, 1, 0, '2025-09-18 14:27:31', '2025-09-18 14:27:31'),
(16, 6, 'necessidades', 1, 1, 1, 0, '2025-09-18 14:27:31', '2025-09-18 14:27:31'),
(17, 7, 'necessidades', 1, 1, 1, 0, '2025-09-18 14:27:31', '2025-09-18 14:27:31'),
(18, 8, 'necessidades', 1, 1, 1, 0, '2025-09-18 14:27:31', '2025-09-18 14:27:31'),
(22, 5, 'produtos', 1, 0, 0, 0, '2025-09-18 14:27:31', '2025-09-18 14:27:31'),
(23, 6, 'produtos', 1, 0, 0, 0, '2025-09-18 14:27:31', '2025-09-18 14:27:31'),
(24, 7, 'produtos', 1, 0, 0, 0, '2025-09-18 14:27:31', '2025-09-18 14:27:31'),
(25, 8, 'produtos', 1, 0, 0, 0, '2025-09-18 14:27:31', '2025-09-18 14:27:31'),
(29, 5, 'escolas', 1, 0, 0, 0, '2025-09-18 14:27:31', '2025-09-18 14:27:31'),
(30, 6, 'escolas', 1, 0, 0, 0, '2025-09-18 14:27:31', '2025-09-18 14:27:31'),
(31, 7, 'escolas', 1, 0, 0, 0, '2025-09-18 14:27:31', '2025-09-18 14:27:31'),
(32, 8, 'escolas', 1, 0, 0, 0, '2025-09-18 14:27:31', '2025-09-18 14:27:31'),
(37, 4, 'escolas', 0, 0, 0, 0, '2025-09-18 16:25:45', '2025-09-18 16:25:45'),
(38, 4, 'necessidades', 1, 1, 1, 0, '2025-09-18 16:25:45', '2025-09-18 16:25:45'),
(39, 4, 'produtos', 0, 0, 0, 0, '2025-09-18 16:25:45', '2025-09-18 16:25:45'),
(40, 4, 'usuarios', 0, 0, 0, 0, '2025-09-18 16:25:45', '2025-09-18 16:25:45'),
(85, 3, 'escolas', 0, 0, 0, 0, '2025-09-18 17:43:00', '2025-09-18 17:43:00'),
(86, 3, 'medias-escolas', 1, 1, 1, 1, '2025-09-18 17:43:00', '2025-09-18 17:43:00'),
(87, 3, 'necessidades', 0, 0, 1, 0, '2025-09-18 17:43:00', '2025-09-18 17:43:00'),
(88, 3, 'produtos', 0, 0, 0, 0, '2025-09-18 17:43:00', '2025-09-18 17:43:00'),
(89, 3, 'tipos-entrega', 1, 1, 1, 1, '2025-09-18 17:43:00', '2025-09-18 17:43:00'),
(90, 3, 'usuarios', 0, 0, 0, 0, '2025-09-18 17:43:00', '2025-09-18 17:43:00'),
(182, 1, 'escolas', 1, 1, 1, 1, '2025-09-19 20:06:41', '2025-09-19 20:06:41'),
(183, 1, 'medias-escolas', 1, 1, 1, 1, '2025-09-19 20:06:41', '2025-09-19 20:06:41'),
(184, 1, 'necessidades', 1, 1, 1, 1, '2025-09-19 20:06:41', '2025-09-19 20:06:41'),
(185, 1, 'produtos', 1, 1, 1, 1, '2025-09-19 20:06:41', '2025-09-19 20:06:41'),
(186, 1, 'produtos-per-capita', 1, 1, 1, 1, '2025-09-19 20:06:41', '2025-09-19 20:06:41'),
(187, 1, 'recebimentos-escolas', 1, 0, 0, 0, '2025-09-19 20:06:41', '2025-09-19 20:06:41'),
(188, 1, 'registros-diarios', 1, 1, 1, 1, '2025-09-19 20:06:41', '2025-09-19 20:06:41'),
(189, 1, 'tipos-entrega', 1, 1, 1, 1, '2025-09-19 20:06:41', '2025-09-19 20:06:41'),
(190, 1, 'usuarios', 1, 1, 1, 1, '2025-09-19 20:06:41', '2025-09-19 20:06:41'),
(223, 2, 'escolas', 1, 1, 1, 0, '2025-09-21 13:22:12', '2025-09-21 13:22:12'),
(224, 2, 'medias-escolas', 1, 1, 1, 1, '2025-09-21 13:22:12', '2025-09-21 13:22:12'),
(225, 2, 'necessidades', 1, 1, 1, 0, '2025-09-21 13:22:12', '2025-09-21 13:22:12'),
(226, 2, 'produtos', 1, 1, 1, 0, '2025-09-21 13:22:12', '2025-09-21 13:22:12'),
(227, 2, 'produtos-per-capita', 1, 1, 1, 0, '2025-09-21 13:22:12', '2025-09-21 13:22:12'),
(228, 2, 'recebimentos-escolas', 1, 1, 1, 0, '2025-09-21 13:22:12', '2025-09-21 13:22:12'),
(229, 2, 'registros-diarios', 1, 1, 1, 1, '2025-09-21 13:22:12', '2025-09-21 13:22:12'),
(230, 2, 'usuarios', 0, 0, 0, 0, '2025-09-21 13:22:12', '2025-09-21 13:22:12'),
(231, 2, 'tipos-entrega', 1, 1, 1, 0, '2025-09-21 13:22:12', '2025-09-21 13:22:12');

-- --------------------------------------------------------

--
-- Estrutura para tabela `produtos`
--

CREATE TABLE `produtos` (
  `id` int NOT NULL,
  `nome` varchar(255) COLLATE utf8mb4_unicode_ci NOT NULL,
  `unidade_medida` varchar(50) COLLATE utf8mb4_unicode_ci NOT NULL,
  `tipo` enum('Horti','Pao','Pereciveis','Base Seca','Limpeza') COLLATE utf8mb4_unicode_ci NOT NULL DEFAULT 'Horti',
  `ativo` tinyint(1) DEFAULT '1',
  `data_cadastro` timestamp NULL DEFAULT CURRENT_TIMESTAMP
) ENGINE=InnoDB DEFAULT CHARSET=utf8mb4 COLLATE=utf8mb4_unicode_ci;

--
-- Despejando dados para a tabela `produtos`
--

INSERT INTO `produtos` (`id`, `nome`, `unidade_medida`, `tipo`, `ativo`, `data_cadastro`) VALUES
(1, 'ABACAXI - KG', 'KG', 'Horti', 1, '2025-09-17 21:51:59'),
(2, 'ABOBORA CABOTIA - KG', 'KG', 'Horti', 1, '2025-09-17 21:51:59'),
(3, 'ABOBRINHA - KG', 'KG', 'Horti', 1, '2025-09-17 21:51:59'),
(4, 'ACELGA - KG', 'KG', 'Horti', 1, '2025-09-17 21:51:59'),
(5, 'AIPIM / MANDIOCA - KG', 'KG', 'Horti', 1, '2025-09-17 21:51:59'),
(6, 'ALFACE CRESPA - KG', 'KG', 'Horti', 1, '2025-09-17 21:51:59'),
(7, 'ALHO - KG', 'KG', 'Horti', 1, '2025-09-17 21:51:59'),
(8, 'BANANA DA TERRA - KG', 'KG', 'Horti', 1, '2025-09-17 21:51:59'),
(9, 'BANANA PRATA - UN', 'UN', 'Horti', 1, '2025-09-17 21:51:59'),
(10, 'BATATA DOCE - KG', 'KG', 'Horti', 1, '2025-09-17 21:51:59'),
(11, 'BATATA INGLESA - KG', 'KG', 'Horti', 1, '2025-09-17 21:51:59'),
(12, 'BETERRABA - KG', 'KG', 'Horti', 1, '2025-09-17 21:51:59'),
(13, 'CEBOLA - KG', 'KG', 'Horti', 1, '2025-09-17 21:51:59'),
(14, 'CENOURA - KG', 'KG', 'Horti', 1, '2025-09-17 21:51:59'),
(15, 'CHEIRO VERDE - KG', 'KG', 'Horti', 1, '2025-09-17 21:51:59'),
(16, 'CHUCHU - KG', 'KG', 'Horti', 1, '2025-09-17 21:51:59'),
(17, 'COENTRO - KG', 'KG', 'Horti', 1, '2025-09-17 21:51:59'),
(18, 'COUVE MANTEIGA - KG', 'KG', 'Horti', 1, '2025-09-17 21:51:59'),
(19, 'GOIABA - UN', 'UN', 'Horti', 1, '2025-09-17 21:51:59'),
(20, 'HORTELA - KG', 'KG', 'Horti', 1, '2025-09-17 21:51:59'),
(21, 'INHAME - KG', 'KG', 'Horti', 1, '2025-09-17 21:51:59'),
(22, 'LARANJA - UN', 'UN', 'Horti', 1, '2025-09-17 21:51:59'),
(23, 'LIMAO - KG', 'KG', 'Horti', 1, '2025-09-17 21:51:59'),
(24, 'MACA FUJI - UN', 'UN', 'Horti', 1, '2025-09-17 21:51:59'),
(25, 'MAMAO FORMOSA - KG', 'KG', 'Horti', 1, '2025-09-17 21:51:59'),
(26, 'MELANCIA - KG', 'KG', 'Horti', 1, '2025-09-17 21:51:59'),
(27, 'MELAO - KG', 'KG', 'Horti', 1, '2025-09-17 21:51:59'),
(28, 'OVO DE GALINHA - UN', 'UN', 'Horti', 1, '2025-09-17 21:51:59'),
(29, 'PEPINO - KG', 'KG', 'Horti', 1, '2025-09-17 21:51:59'),
(30, 'REPOLHO BRANCO- KG', 'KG', 'Horti', 1, '2025-09-17 21:51:59'),
(31, 'REPOLHO ROXO - KG', 'KG', 'Horti', 1, '2025-09-17 21:51:59'),
(32, 'TANGERINA - UN', 'UN', 'Horti', 1, '2025-09-17 21:51:59'),
(33, 'TOMATE - KG', 'KG', 'Horti', 1, '2025-09-17 21:51:59'),
(67, 'PAO CASEIRO - KG', 'KG', 'Pao', 1, '2025-09-18 14:59:03'),
(68, 'PAO DE BATATA - UN', 'UN', 'Pao', 1, '2025-09-18 14:59:03'),
(69, 'PAO DE FORMA INTEGRAL 500G - PCT', 'PCT', 'Pao', 1, '2025-09-18 14:59:03'),
(70, 'PAO DE FORMA TRADICIONAL 500 G - PCT', 'PCT', 'Pao', 1, '2025-09-18 14:59:03'),
(71, 'PAO DE HAMBURGUER - UN', 'UN', 'Pao', 1, '2025-09-18 14:59:03'),
(72, 'PAO DE MILHO - UN', 'UN', 'Pao', 1, '2025-09-18 14:59:03'),
(73, 'PAO FAT. S/GLUTEN/LACTOSE 300 G - PCT', 'PCT', 'Pao', 1, '2025-09-18 14:59:03'),
(74, 'PAO HOT DOG - UN', 'UN', 'Pao', 1, '2025-09-18 14:59:03'),
(75, 'PAO HOT DOG ZERO LACTOSE - UN', 'UN', 'Pao', 1, '2025-09-18 14:59:03'),
(76, 'ALMONDEGA BOVINA - KG', 'KG', 'Pereciveis', 1, '2025-09-18 15:00:46'),
(77, 'BIFE DE HAMBURGUER BOVINO - KG', 'KG', 'Pereciveis', 1, '2025-09-18 15:00:46'),
(78, 'FILE DE TILAPIA 1 KG - KG', 'KG', 'Pereciveis', 1, '2025-09-18 15:00:46'),
(79, 'FILE DE COXA E SOBRECOXA S/OSSO S/PELE 1 KG - KG', 'KG', 'Pereciveis', 1, '2025-09-18 15:00:46'),
(80, 'FILE DE SASSAMI 1 KG - KG', 'KG', 'Pereciveis', 1, '2025-09-18 15:00:46'),
(81, 'IOGURTE DIET 200 G - PT', 'PT', 'Pereciveis', 1, '2025-09-18 15:00:46'),
(82, 'IOGURTE NATURAL DESNATADO - LT', 'LT', 'Pereciveis', 1, '2025-09-18 15:00:46'),
(83, 'IOGURTE SABOR COCO - LT', 'LT', 'Pereciveis', 1, '2025-09-18 15:00:46'),
(84, 'IOGURTE SABOR MORANGO - LT', 'LT', 'Pereciveis', 1, '2025-09-18 15:00:46'),
(85, 'IOGURTE ZERO LACTOSE - LT', 'LT', 'Pereciveis', 1, '2025-09-18 15:00:46'),
(86, 'LINGUICA CALABRESA (FINA) - KG', 'KG', 'Pereciveis', 1, '2025-09-18 15:00:46'),
(87, 'MANTEIGA C/SAL 500G - KG', 'KG', 'Pereciveis', 1, '2025-09-18 15:00:46'),
(88, 'PATINHO BOVINO CUBOS 1 KG - KG', 'KG', 'Pereciveis', 1, '2025-09-18 15:00:46'),
(89, 'PATINHO BOVINO MOIDO 1 KG - KG', 'KG', 'Pereciveis', 1, '2025-09-18 15:00:46'),
(90, 'PERNIL SUINO CUBOS 1 KG - KG', 'KG', 'Pereciveis', 1, '2025-09-18 15:00:46'),
(91, 'POLPA DE ABACAXI - KG', 'KG', 'Pereciveis', 1, '2025-09-18 15:00:46'),
(92, 'POLPA DE ACEROLA - KG', 'KG', 'Pereciveis', 1, '2025-09-18 15:00:46'),
(93, 'POLPA DE CAJU - KG', 'KG', 'Pereciveis', 1, '2025-09-18 15:00:46'),
(94, 'POLPA DE GOIABA - KG', 'KG', 'Pereciveis', 1, '2025-09-18 15:00:46'),
(95, 'POLPA DE GRAVIOLA - KG', 'KG', 'Pereciveis', 1, '2025-09-18 15:00:46'),
(96, 'POLPA DE MANGA - KG', 'KG', 'Pereciveis', 1, '2025-09-18 15:00:46'),
(97, 'POLPA DE MARACUJA - KG', 'KG', 'Pereciveis', 1, '2025-09-18 15:00:46'),
(98, 'POLPA DE MORANGO - KG', 'KG', 'Pereciveis', 1, '2025-09-18 15:00:46'),
(99, 'QUEIJO BRANCO - KG', 'KG', 'Pereciveis', 1, '2025-09-18 15:00:46'),
(100, 'QUEIJO MUSSARELA PECA - KG', 'KG', 'Pereciveis', 1, '2025-09-18 15:00:46'),
(101, 'REQUEIJAO CREMOSO 400 G - PT', 'PT', 'Pereciveis', 1, '2025-09-18 15:00:46'),
(102, 'REQUEIJAO LIGHT 180 G - PT', 'PT', 'Pereciveis', 1, '2025-09-18 15:00:46'),
(103, 'REQUEIJAO ZERO LACTOSE 400 G - PT', 'PT', 'Pereciveis', 1, '2025-09-18 15:00:46'),
(104, 'SALSICHA - KG', 'KG', 'Pereciveis', 1, '2025-09-18 15:00:46'),
(105, 'ACHOCOLATADO EM PO - KG', 'KG', 'Base Seca', 1, '2025-09-18 15:01:36'),
(106, 'ACHOCOLATADO EM PO DIET 200 G - UN', 'UN', 'Base Seca', 1, '2025-09-18 15:01:36'),
(107, 'ACHOCOLATADO EM PO ZERO LACTOSE - KG', 'KG', 'Base Seca', 1, '2025-09-18 15:01:36'),
(108, 'ACUCAR CRISTAL 5 KG - KG', 'KG', 'Base Seca', 1, '2025-09-18 15:01:36'),
(109, 'ADOCANTE SUCRALOSE 100 ML - UN', 'UN', 'Base Seca', 1, '2025-09-18 15:01:36'),
(110, 'AMIDO DE MILHO 1 KG - KG', 'KG', 'Base Seca', 1, '2025-09-18 15:01:36'),
(111, 'ARROZ BRANCO - KG', 'KG', 'Base Seca', 1, '2025-09-18 15:01:36'),
(112, 'ARROZ INTEGRAL 1 KG - KG', 'KG', 'Base Seca', 1, '2025-09-18 15:01:36'),
(113, 'AZEITE EXTRA VIRGEM 500 ML- UN', 'UN', 'Base Seca', 1, '2025-09-18 15:01:36'),
(114, 'BEBIDA LACTEA ACHOCOLATADO 200ML - UN', 'UN', 'Base Seca', 1, '2025-09-18 15:01:36'),
(115, 'BISCOITO CREAM CRACKER - KG', 'KG', 'Base Seca', 1, '2025-09-18 15:01:36'),
(116, 'BISCOITO DE ARROZ INTEGRAL 120G - PCT', 'PCT', 'Base Seca', 1, '2025-09-18 15:01:36'),
(117, 'BISCOITO DE POLVILHO - KG', 'KG', 'Base Seca', 1, '2025-09-18 15:01:36'),
(118, 'BISCOITO DOCE INTEGRAL - KG', 'KG', 'Base Seca', 1, '2025-09-18 15:01:36'),
(119, 'BISCOITO MAISENA - KG', 'KG', 'Base Seca', 1, '2025-09-18 15:01:36'),
(120, 'BISCOITO SALGADO INTEGRAL - KG', 'KG', 'Base Seca', 1, '2025-09-18 15:01:36'),
(121, 'BISCOITO ZERO LACTOSE DOCE - KG', 'KG', 'Base Seca', 1, '2025-09-18 15:01:36'),
(122, 'BISCOITO ZERO LACTOSE SALGADO - KG', 'KG', 'Base Seca', 1, '2025-09-18 15:01:36'),
(123, 'CAFE EM PO 500 G - KG', 'KG', 'Base Seca', 1, '2025-09-18 15:01:36'),
(124, 'CANELA EM PO 30 G - KG', 'KG', 'Base Seca', 1, '2025-09-18 15:01:36'),
(125, 'CANJIQUINHA DE MILHO - KG', 'KG', 'Base Seca', 1, '2025-09-18 15:01:36'),
(126, 'COCO RALADO S/ ACUCAR - KG', 'KG', 'Base Seca', 1, '2025-09-18 15:01:36'),
(127, 'COLORAU EM PO 500 G - KG', 'KG', 'Base Seca', 1, '2025-09-18 15:01:36'),
(128, 'CREME DE LEITE 200G - UN', 'UN', 'Base Seca', 1, '2025-09-18 15:01:36'),
(129, 'CREME DE LEITE S/ LACTOSE 200G - UN', 'UN', 'Base Seca', 1, '2025-09-18 15:01:36'),
(130, 'CURAU DE MILHO - KG', 'KG', 'Base Seca', 1, '2025-09-18 15:01:36'),
(131, 'EXTRATO DE TOMATE - KG', 'KG', 'Base Seca', 1, '2025-09-18 15:01:36'),
(132, 'FARINHA DE AVEIA 170G - UN', 'UN', 'Base Seca', 1, '2025-09-18 15:01:36'),
(133, 'FARINHA DE MANDIOCA 1 KG - KG', 'KG', 'Base Seca', 1, '2025-09-18 15:01:36'),
(134, 'FARINHA DE MILHO EM FLOCOS - KG', 'KG', 'Base Seca', 1, '2025-09-18 15:01:36'),
(135, 'FARINHA DE TAPIOCA 500 G - KG', 'KG', 'Base Seca', 1, '2025-09-18 15:01:36'),
(136, 'FARINHA DE TRIGO 1 KG - KG', 'KG', 'Base Seca', 1, '2025-09-18 15:01:36'),
(137, 'FARINHA DE TRIGO INTEGRAL 1 KG - KG', 'KG', 'Base Seca', 1, '2025-09-18 15:01:36'),
(138, 'FARINHA DE ARROZ SEM GLUTEN 1 KG - KG', 'KG', 'Base Seca', 1, '2025-09-18 15:01:36'),
(139, 'FEIJAO CARIOCA - KG', 'KG', 'Base Seca', 1, '2025-09-18 15:01:36'),
(140, 'FEIJAO PRETO 1 KG - KG', 'KG', 'Base Seca', 1, '2025-09-18 15:01:36'),
(141, 'FERMENTO BIOLOGICO - KG', 'KG', 'Base Seca', 1, '2025-09-18 15:01:36'),
(142, 'FERMENTO QUIMICO EM PO 200 G - KG', 'KG', 'Base Seca', 1, '2025-09-18 15:01:36'),
(143, 'FLOCOS DE MILHO S/ACUCAR - KG', 'KG', 'Base Seca', 1, '2025-09-18 15:01:36'),
(144, 'FUBA 1 KG - KG', 'KG', 'Base Seca', 1, '2025-09-18 15:01:36'),
(145, 'GELEIA DE FRUTAS - KG', 'KG', 'Base Seca', 1, '2025-09-18 15:01:36'),
(146, 'GELEIA DE FRUTAS DIET - KG', 'KG', 'Base Seca', 1, '2025-09-18 15:01:36'),
(147, 'LEITE DE COCO - LT', 'LT', 'Base Seca', 1, '2025-09-18 15:01:36'),
(148, 'LEITE DE SOJA - LT', 'LT', 'Base Seca', 1, '2025-09-18 15:01:36'),
(149, 'LEITE EM PO DESNATADO 200 G - PCT', 'PCT', 'Base Seca', 1, '2025-09-18 15:01:36'),
(150, 'LEITE EM PO INTEGRAL - KG', 'KG', 'Base Seca', 1, '2025-09-18 15:01:36'),
(151, 'LEITE EM PO ZERO LACTOSE 300 G - PCT', 'PCT', 'Base Seca', 1, '2025-09-18 15:01:36'),
(152, 'MACARRAO ESPAGUETE C/ SEMOLA - KG', 'KG', 'Base Seca', 1, '2025-09-18 15:01:36'),
(153, 'MACARRAO INTEGRAL ESPAGUETE 500 G - KG', 'KG', 'Base Seca', 1, '2025-09-18 15:01:36'),
(154, 'MILHO CANJICA 500 G - KG', 'KG', 'Base Seca', 1, '2025-09-18 15:01:36'),
(155, 'MILHO PIPOCA - KG', 'KG', 'Base Seca', 1, '2025-09-18 15:01:36'),
(156, 'MILHO VERDE EM CONSERVA 170G - UND', 'UN', 'Base Seca', 1, '2025-09-18 15:01:36'),
(157, 'MILHO VERDE IN NATURA - KG', 'KG', 'Base Seca', 1, '2025-09-18 15:01:36'),
(158, 'OLEO DE GIRASSOL 900ML - UN', 'UN', 'Base Seca', 1, '2025-09-18 15:01:36'),
(159, 'OLEO DE SOJA 900 ML - UND', 'UN', 'Base Seca', 1, '2025-09-18 15:01:36'),
(160, 'OREGANO MOIDO 30 G - KG', 'KG', 'Base Seca', 1, '2025-09-18 15:01:36'),
(161, 'PROTEINA DE SOJA CLARA - KG', 'KG', 'Base Seca', 1, '2025-09-18 15:01:36'),
(162, 'ROSQUINHA DOCE - KG', 'KG', 'Base Seca', 1, '2025-09-18 15:01:36'),
(163, 'ROSQUINHA SALGADA - KG', 'KG', 'Base Seca', 1, '2025-09-18 15:01:36'),
(164, 'SAL REFINADO 1 KG - KG', 'KG', 'Base Seca', 1, '2025-09-18 15:01:36'),
(165, 'SUCO NECTAR - LT', 'LT', 'Base Seca', 1, '2025-09-18 15:01:36'),
(166, 'TRIGO PARA QUIBE 500 G - KG', 'KG', 'Base Seca', 1, '2025-09-18 15:01:36'),
(167, 'VINAGRE DE ALCOOL 750 ML - UND', 'UN', 'Base Seca', 1, '2025-09-18 15:01:36'),
(168, 'AGUA SANITARIA 1 LT - LT', 'LT', 'Limpeza', 1, '2025-09-18 15:02:47'),
(169, 'ALCOOL 1 LT - LT', 'LT', 'Limpeza', 1, '2025-09-18 15:02:47'),
(170, 'ALCOOL EM GEL 500ML - UN', 'UN', 'Limpeza', 1, '2025-09-18 15:02:47'),
(171, 'BOBINA PLASTICA PICOTADA 40X60 - RL', 'RL', 'Limpeza', 1, '2025-09-18 15:02:47'),
(172, 'DESINCRUSTANTE CONCENTRADO 5 LT - LT', 'LT', 'Limpeza', 1, '2025-09-18 15:02:47'),
(173, 'DETERGENTE NEUTRO 500 ML - FR', 'UN', 'Limpeza', 1, '2025-09-18 15:02:47'),
(174, 'ESCOVA PLASTICA P/ LIMPEZA', 'UN', 'Limpeza', 1, '2025-09-18 15:02:47'),
(175, 'ESPONJA DUPLA FACE - UN', 'UN', 'Limpeza', 1, '2025-09-18 15:02:47'),
(176, 'ESPONJA FIBRA 125 X 87 X 20 MM  - UN', 'UN', 'Limpeza', 1, '2025-09-18 15:02:47'),
(177, 'FITA ADESIVA TRANSPARENTE 45MM X 100MT', 'UN', 'Limpeza', 1, '2025-09-18 15:02:47'),
(178, 'FOSFORO 40 PALITOS - PC 10 CX', 'CX', 'Limpeza', 1, '2025-09-18 15:02:47'),
(179, 'GUARDANAPO 19.5 X 19.5 PCT 50 UND - PCT', 'PCT', 'Limpeza', 1, '2025-09-18 15:02:47'),
(180, 'LIMPA ALUMINIO - UN', 'UN', 'Limpeza', 1, '2025-09-18 15:02:47'),
(181, 'LUVA DE BORRACHA - M', 'UN', 'Limpeza', 1, '2025-09-18 15:02:47'),
(182, 'LUVA PLASTICA DESCARTAVEL PCT C/100', 'UN', 'Limpeza', 1, '2025-09-18 15:02:47'),
(183, 'PANO DE CHAO - UN', 'UN', 'Limpeza', 1, '2025-09-18 15:02:47'),
(184, 'PAPEL TOALHA INTERFOLHADO 1000 FLS - PCT', 'UN', 'Limpeza', 1, '2025-09-18 15:02:47'),
(185, 'PULVERIZADOR DE PLASTICO - UN', 'UN', 'Limpeza', 1, '2025-09-18 15:02:47'),
(186, 'RODINHO DE PIA - UN', 'UN', 'Limpeza', 1, '2025-09-18 15:02:47'),
(187, 'RODO 40 CM - UN', 'UN', 'Limpeza', 1, '2025-09-18 15:02:47'),
(188, 'SABONETE LIQUIDO NEUTRO - LT', 'LT', 'Limpeza', 1, '2025-09-18 15:02:47'),
(189, 'SACO DE AMOSTRA C/ 500 UN - PCT', 'PCT', 'Limpeza', 1, '2025-09-18 15:02:47'),
(190, 'SACO DE LIXO 100 LT C/100 UN - PCT', 'PCT', 'Limpeza', 1, '2025-09-18 15:02:47'),
(191, 'SACO DE LIXO 200LT C/ 100 UN - PCT', 'PCT', 'Limpeza', 1, '2025-09-18 15:02:47'),
(192, 'SACO P/ EMBALAR LANCHE - PCT', 'PCT', 'Limpeza', 1, '2025-09-18 15:02:47'),
(193, 'SACO PLASTICO CESTA BASICA 50X80 - PCT 100 UND', 'PCT', 'Limpeza', 1, '2025-09-18 15:02:47'),
(194, 'SANITIZANTE EM PO - UN', 'UN', 'Limpeza', 1, '2025-09-18 15:02:47'),
(195, 'TOUCA DESCARTAVEL PCT C/100', 'UN', 'Limpeza', 1, '2025-09-18 15:02:47'),
(196, 'VASSOURA DE NYLON C/ CABO - UN', 'UN', 'Limpeza', 1, '2025-09-18 15:02:47');

-- --------------------------------------------------------

--
-- Estrutura para tabela `produtos_per_capita`
--

CREATE TABLE `produtos_per_capita` (
  `id` int NOT NULL,
  `produto_id` int NOT NULL COMMENT 'Referência para a tabela produtos',
  `per_capita_parcial` decimal(10,3) DEFAULT '0.000',
  `per_capita_almoco` decimal(10,3) DEFAULT '0.000',
  `per_capita_lanche` decimal(10,3) DEFAULT '0.000',
  `per_capita_eja` decimal(10,3) DEFAULT '0.000',
  `descricao` text,
  `ativo` tinyint(1) DEFAULT '1',
  `data_cadastro` timestamp NULL DEFAULT CURRENT_TIMESTAMP,
  `data_atualizacao` timestamp NULL DEFAULT CURRENT_TIMESTAMP ON UPDATE CURRENT_TIMESTAMP
) ENGINE=InnoDB DEFAULT CHARSET=utf8mb4 COLLATE=utf8mb4_0900_ai_ci COMMENT='Tabela de per capita por produto e período';

--
-- Despejando dados para a tabela `produtos_per_capita`
--

INSERT INTO `produtos_per_capita` (`id`, `produto_id`, `per_capita_parcial`, `per_capita_almoco`, `per_capita_lanche`, `per_capita_eja`, `descricao`, `ativo`, `data_cadastro`, `data_atualizacao`) VALUES
(1, 1, 1.000, 1.000, 1.000, 1.000, NULL, 1, '2025-09-18 21:57:10', '2025-09-18 21:57:10'),
(2, 2, 0.080, 0.120, 0.060, 0.080, 'ABOBORA CABOTIA - KG', 1, '2025-09-18 21:57:10', '2025-09-18 21:57:10'),
(3, 3, 0.100, 0.150, 0.080, 0.100, 'ABOBRINHA - KG', 1, '2025-09-18 21:57:10', '2025-09-18 21:57:10'),
(4, 4, 0.050, 0.080, 0.040, 0.060, 'ACELGA - KG', 1, '2025-09-18 21:57:10', '2025-09-18 21:57:10'),
(5, 5, 0.200, 0.300, 0.150, 0.200, 'AIPIM / MANDIOCA - KG', 1, '2025-09-18 21:57:10', '2025-09-18 21:57:10'),
(6, 6, 0.030, 0.050, 0.020, 0.030, 'ALFACE CRESPA - KG', 1, '2025-09-18 21:57:10', '2025-09-18 21:57:10'),
(7, 7, 0.010, 0.015, 0.008, 0.010, 'ALHO - KG', 1, '2025-09-18 21:57:10', '2025-09-18 21:57:10'),
(8, 8, 0.120, 0.180, 0.100, 0.130, 'BANANA DA TERRA - KG', 1, '2025-09-18 21:57:10', '2025-09-18 21:57:10'),
(9, 10, 0.150, 0.200, 0.120, 0.150, 'BATATA DOCE - KG', 1, '2025-09-18 21:57:10', '2025-09-18 21:57:10'),
(10, 11, 0.180, 0.250, 0.150, 0.180, 'BATATA INGLESA - KG', 1, '2025-09-18 21:57:10', '2025-09-18 21:57:10'),
(11, 12, 0.080, 0.120, 0.060, 0.080, 'BETERRABA - KG', 1, '2025-09-18 21:57:10', '2025-09-18 21:57:10'),
(12, 13, 0.020, 0.030, 0.015, 0.020, 'CEBOLA - KG', 1, '2025-09-18 21:57:10', '2025-09-18 21:57:10'),
(13, 14, 0.060, 0.090, 0.050, 0.070, 'CENOURA - KG', 1, '2025-09-18 21:57:10', '2025-09-18 21:57:10'),
(14, 15, 0.010, 0.015, 0.008, 0.010, 'CHEIRO VERDE - KG', 1, '2025-09-18 21:57:10', '2025-09-18 21:57:10'),
(15, 16, 0.100, 0.150, 0.080, 0.100, 'CHUCHU - KG', 1, '2025-09-18 21:57:10', '2025-09-18 21:57:10'),
(16, 17, 0.005, 0.008, 0.004, 0.005, 'COENTRO - KG', 1, '2025-09-18 21:57:10', '2025-09-18 21:57:10'),
(17, 18, 0.040, 0.060, 0.030, 0.040, 'COUVE MANTEIGA - KG', 1, '2025-09-18 21:57:10', '2025-09-18 21:57:10'),
(18, 20, 0.005, 0.008, 0.004, 0.005, 'HORTELA - KG', 1, '2025-09-18 21:57:10', '2025-09-18 21:57:10'),
(19, 21, 0.120, 0.180, 0.100, 0.130, 'INHAME - KG', 1, '2025-09-18 21:57:10', '2025-09-18 21:57:10'),

-- Produtos Horti restantes
(20, 9, 0.100, 0.150, 0.080, 0.100, 'BANANA PRATA - UN', 1, '2025-09-18 21:57:10', '2025-09-18 21:57:10'),
(21, 22, 0.150, 0.200, 0.120, 0.150, 'LARANJA - UN', 1, '2025-09-18 21:57:10', '2025-09-18 21:57:10'),
(22, 23, 0.020, 0.030, 0.015, 0.020, 'LIMAO - KG', 1, '2025-09-18 21:57:10', '2025-09-18 21:57:10'),
(23, 24, 0.100, 0.150, 0.080, 0.100, 'MACA FUJI - UN', 1, '2025-09-18 21:57:10', '2025-09-18 21:57:10'),
(24, 25, 0.120, 0.180, 0.100, 0.130, 'MAMAO FORMOSA - KG', 1, '2025-09-18 21:57:10', '2025-09-18 21:57:10'),
(25, 26, 0.200, 0.300, 0.150, 0.200, 'MELANCIA - KG', 1, '2025-09-18 21:57:10', '2025-09-18 21:57:10'),
(26, 27, 0.150, 0.200, 0.120, 0.150, 'MELAO - KG', 1, '2025-09-18 21:57:10', '2025-09-18 21:57:10'),
(27, 28, 0.050, 0.080, 0.040, 0.060, 'OVO DE GALINHA - UN', 1, '2025-09-18 21:57:10', '2025-09-18 21:57:10'),
(28, 29, 0.080, 0.120, 0.060, 0.080, 'PEPINO - KG', 1, '2025-09-18 21:57:10', '2025-09-18 21:57:10'),
(29, 30, 0.100, 0.150, 0.080, 0.100, 'REPOLHO BRANCO- KG', 1, '2025-09-18 21:57:10', '2025-09-18 21:57:10'),
(30, 31, 0.100, 0.150, 0.080, 0.100, 'REPOLHO ROXO - KG', 1, '2025-09-18 21:57:10', '2025-09-18 21:57:10'),
(31, 32, 0.120, 0.180, 0.100, 0.130, 'TANGERINA - UN', 1, '2025-09-18 21:57:10', '2025-09-18 21:57:10'),
(32, 33, 0.080, 0.120, 0.060, 0.080, 'TOMATE - KG', 1, '2025-09-18 21:57:10', '2025-09-18 21:57:10'),

-- Produtos Pão
(33, 67, 0.100, 0.150, 0.080, 0.100, 'PAO CASEIRO - KG', 1, '2025-09-18 21:57:10', '2025-09-18 21:57:10'),
(34, 68, 0.050, 0.080, 0.040, 0.060, 'PAO DE BATATA - UN', 1, '2025-09-18 21:57:10', '2025-09-18 21:57:10'),
(35, 69, 0.020, 0.030, 0.015, 0.020, 'PAO DE FORMA INTEGRAL 500G - PCT', 1, '2025-09-18 21:57:10', '2025-09-18 21:57:10'),
(36, 70, 0.020, 0.030, 0.015, 0.020, 'PAO DE FORMA TRADICIONAL 500 G - PCT', 1, '2025-09-18 21:57:10', '2025-09-18 21:57:10'),
(37, 71, 0.030, 0.050, 0.025, 0.030, 'PAO DE HAMBURGUER - UN', 1, '2025-09-18 21:57:10', '2025-09-18 21:57:10'),
(38, 72, 0.050, 0.080, 0.040, 0.060, 'PAO DE MILHO - UN', 1, '2025-09-18 21:57:10', '2025-09-18 21:57:10'),
(39, 73, 0.020, 0.030, 0.015, 0.020, 'PAO FAT. S/GLUTEN/LACTOSE 300 G - PCT', 1, '2025-09-18 21:57:10', '2025-09-18 21:57:10'),
(40, 74, 0.030, 0.050, 0.025, 0.030, 'PAO HOT DOG - UN', 1, '2025-09-18 21:57:10', '2025-09-18 21:57:10'),
(41, 75, 0.030, 0.050, 0.025, 0.030, 'PAO HOT DOG ZERO LACTOSE - UN', 1, '2025-09-18 21:57:10', '2025-09-18 21:57:10'),

-- Produtos Perecíveis
(42, 76, 0.080, 0.120, 0.060, 0.080, 'ALMONDEGA BOVINA - KG', 1, '2025-09-18 21:57:10', '2025-09-18 21:57:10'),
(43, 77, 0.100, 0.150, 0.080, 0.100, 'BIFE DE HAMBURGUER BOVINO - KG', 1, '2025-09-18 21:57:10', '2025-09-18 21:57:10'),
(44, 78, 0.120, 0.180, 0.100, 0.130, 'FILE DE TILAPIA 1 KG - KG', 1, '2025-09-18 21:57:10', '2025-09-18 21:57:10'),
(45, 79, 0.100, 0.150, 0.080, 0.100, 'FILE DE COXA E SOBRECOXA S/OSSO S/PELE 1 KG - KG', 1, '2025-09-18 21:57:10', '2025-09-18 21:57:10'),
(46, 80, 0.100, 0.150, 0.080, 0.100, 'FILE DE SASSAMI 1 KG - KG', 1, '2025-09-18 21:57:10', '2025-09-18 21:57:10'),
(47, 81, 0.100, 0.150, 0.080, 0.100, 'IOGURTE DIET 200 G - PT', 1, '2025-09-18 21:57:10', '2025-09-18 21:57:10'),
(48, 82, 0.150, 0.200, 0.120, 0.150, 'IOGURTE NATURAL DESNATADO - LT', 1, '2025-09-18 21:57:10', '2025-09-18 21:57:10'),
(49, 83, 0.150, 0.200, 0.120, 0.150, 'IOGURTE SABOR COCO - LT', 1, '2025-09-18 21:57:10', '2025-09-18 21:57:10'),
(50, 84, 0.150, 0.200, 0.120, 0.150, 'IOGURTE SABOR MORANGO - LT', 1, '2025-09-18 21:57:10', '2025-09-18 21:57:10'),
(51, 85, 0.150, 0.200, 0.120, 0.150, 'IOGURTE ZERO LACTOSE - LT', 1, '2025-09-18 21:57:10', '2025-09-18 21:57:10'),
(52, 86, 0.080, 0.120, 0.060, 0.080, 'LINGUICA CALABRESA (FINA) - KG', 1, '2025-09-18 21:57:10', '2025-09-18 21:57:10'),
(53, 87, 0.010, 0.015, 0.008, 0.010, 'MANTEIGA C/SAL 500G - KG', 1, '2025-09-18 21:57:10', '2025-09-18 21:57:10'),
(54, 88, 0.100, 0.150, 0.080, 0.100, 'PATINHO BOVINO CUBOS 1 KG - KG', 1, '2025-09-18 21:57:10', '2025-09-18 21:57:10'),
(55, 89, 0.100, 0.150, 0.080, 0.100, 'PATINHO BOVINO MOIDO 1 KG - KG', 1, '2025-09-18 21:57:10', '2025-09-18 21:57:10'),
(56, 90, 0.100, 0.150, 0.080, 0.100, 'PERNIL SUINO CUBOS 1 KG - KG', 1, '2025-09-18 21:57:10', '2025-09-18 21:57:10'),
(57, 91, 0.080, 0.120, 0.060, 0.080, 'POLPA DE ABACAXI - KG', 1, '2025-09-18 21:57:10', '2025-09-18 21:57:10'),
(58, 92, 0.080, 0.120, 0.060, 0.080, 'POLPA DE ACEROLA - KG', 1, '2025-09-18 21:57:10', '2025-09-18 21:57:10'),
(59, 93, 0.080, 0.120, 0.060, 0.080, 'POLPA DE CAJU - KG', 1, '2025-09-18 21:57:10', '2025-09-18 21:57:10'),
(60, 94, 0.080, 0.120, 0.060, 0.080, 'POLPA DE GOIABA - KG', 1, '2025-09-18 21:57:10', '2025-09-18 21:57:10'),
(61, 95, 0.080, 0.120, 0.060, 0.080, 'POLPA DE GRAVIOLA - KG', 1, '2025-09-18 21:57:10', '2025-09-18 21:57:10'),
(62, 96, 0.080, 0.120, 0.060, 0.080, 'POLPA DE MANGA - KG', 1, '2025-09-18 21:57:10', '2025-09-18 21:57:10'),
(63, 97, 0.080, 0.120, 0.060, 0.080, 'POLPA DE MARACUJA - KG', 1, '2025-09-18 21:57:10', '2025-09-18 21:57:10'),
(64, 98, 0.080, 0.120, 0.060, 0.080, 'POLPA DE MORANGO - KG', 1, '2025-09-18 21:57:10', '2025-09-18 21:57:10'),
(65, 99, 0.060, 0.090, 0.050, 0.070, 'QUEIJO BRANCO - KG', 1, '2025-09-18 21:57:10', '2025-09-18 21:57:10'),
(66, 100, 0.060, 0.090, 0.050, 0.070, 'QUEIJO MUSSARELA PECA - KG', 1, '2025-09-18 21:57:10', '2025-09-18 21:57:10'),
(67, 101, 0.020, 0.030, 0.015, 0.020, 'REQUEIJAO CREMOSO 400 G - PT', 1, '2025-09-18 21:57:10', '2025-09-18 21:57:10'),
(68, 102, 0.015, 0.020, 0.010, 0.015, 'REQUEIJAO LIGHT 180 G - PT', 1, '2025-09-18 21:57:10', '2025-09-18 21:57:10'),
(69, 103, 0.020, 0.030, 0.015, 0.020, 'REQUEIJAO ZERO LACTOSE 400 G - PT', 1, '2025-09-18 21:57:10', '2025-09-18 21:57:10'),
(70, 104, 0.080, 0.120, 0.060, 0.080, 'SALSICHA - KG', 1, '2025-09-18 21:57:10', '2025-09-18 21:57:10'),

-- Produtos Base Seca
(71, 105, 0.020, 0.030, 0.015, 0.020, 'ACHOCOLATADO EM PO - KG', 1, '2025-09-18 21:57:10', '2025-09-18 21:57:10'),
(72, 106, 0.010, 0.015, 0.008, 0.010, 'ACHOCOLATADO EM PO DIET 200 G - UN', 1, '2025-09-18 21:57:10', '2025-09-18 21:57:10'),
(73, 107, 0.020, 0.030, 0.015, 0.020, 'ACHOCOLATADO EM PO ZERO LACTOSE - KG', 1, '2025-09-18 21:57:10', '2025-09-18 21:57:10'),
(74, 108, 0.015, 0.020, 0.010, 0.015, 'ACUCAR CRISTAL 5 KG - KG', 1, '2025-09-18 21:57:10', '2025-09-18 21:57:10'),
(75, 109, 0.005, 0.008, 0.004, 0.005, 'ADOCANTE SUCRALOSE 100 ML - UN', 1, '2025-09-18 21:57:10', '2025-09-18 21:57:10'),
(76, 110, 0.010, 0.015, 0.008, 0.010, 'AMIDO DE MILHO 1 KG - KG', 1, '2025-09-18 21:57:10', '2025-09-18 21:57:10'),
(77, 111, 0.150, 0.200, 0.120, 0.150, 'ARROZ BRANCO - KG', 1, '2025-09-18 21:57:10', '2025-09-18 21:57:10'),
(78, 112, 0.150, 0.200, 0.120, 0.150, 'ARROZ INTEGRAL 1 KG - KG', 1, '2025-09-18 21:57:10', '2025-09-18 21:57:10'),
(79, 113, 0.005, 0.008, 0.004, 0.005, 'AZEITE EXTRA VIRGEM 500 ML- UN', 1, '2025-09-18 21:57:10', '2025-09-18 21:57:10'),
(80, 114, 0.100, 0.150, 0.080, 0.100, 'BEBIDA LACTEA ACHOCOLATADO 200ML - UN', 1, '2025-09-18 21:57:10', '2025-09-18 21:57:10'),
(81, 115, 0.030, 0.050, 0.025, 0.030, 'BISCOITO CREAM CRACKER - KG', 1, '2025-09-18 21:57:10', '2025-09-18 21:57:10'),
(82, 116, 0.020, 0.030, 0.015, 0.020, 'BISCOITO DE ARROZ INTEGRAL 120G - PCT', 1, '2025-09-18 21:57:10', '2025-09-18 21:57:10'),
(83, 117, 0.030, 0.050, 0.025, 0.030, 'BISCOITO DE POLVILHO - KG', 1, '2025-09-18 21:57:10', '2025-09-18 21:57:10'),
(84, 118, 0.030, 0.050, 0.025, 0.030, 'BISCOITO DOCE INTEGRAL - KG', 1, '2025-09-18 21:57:10', '2025-09-18 21:57:10'),
(85, 119, 0.030, 0.050, 0.025, 0.030, 'BISCOITO MAISENA - KG', 1, '2025-09-18 21:57:10', '2025-09-18 21:57:10'),
(86, 120, 0.030, 0.050, 0.025, 0.030, 'BISCOITO SALGADO INTEGRAL - KG', 1, '2025-09-18 21:57:10', '2025-09-18 21:57:10'),
(87, 121, 0.030, 0.050, 0.025, 0.030, 'BISCOITO ZERO LACTOSE DOCE - KG', 1, '2025-09-18 21:57:10', '2025-09-18 21:57:10'),
(88, 122, 0.030, 0.050, 0.025, 0.030, 'BISCOITO ZERO LACTOSE SALGADO - KG', 1, '2025-09-18 21:57:10', '2025-09-18 21:57:10'),
(89, 123, 0.010, 0.015, 0.008, 0.010, 'CAFE EM PO 500 G - KG', 1, '2025-09-18 21:57:10', '2025-09-18 21:57:10'),
(90, 124, 0.005, 0.008, 0.004, 0.005, 'CANELA EM PO 30 G - KG', 1, '2025-09-18 21:57:10', '2025-09-18 21:57:10'),
(91, 125, 0.080, 0.120, 0.060, 0.080, 'CANJIQUINHA DE MILHO - KG', 1, '2025-09-18 21:57:10', '2025-09-18 21:57:10'),
(92, 126, 0.010, 0.015, 0.008, 0.010, 'COCO RALADO S/ ACUCAR - KG', 1, '2025-09-18 21:57:10', '2025-09-18 21:57:10'),
(93, 127, 0.005, 0.008, 0.004, 0.005, 'COLORAU EM PO 500 G - KG', 1, '2025-09-18 21:57:10', '2025-09-18 21:57:10'),
(94, 128, 0.020, 0.030, 0.015, 0.020, 'CREME DE LEITE 200G - UN', 1, '2025-09-18 21:57:10', '2025-09-18 21:57:10'),
(95, 129, 0.020, 0.030, 0.015, 0.020, 'CREME DE LEITE S/ LACTOSE 200G - UN', 1, '2025-09-18 21:57:10', '2025-09-18 21:57:10'),
(96, 130, 0.080, 0.120, 0.060, 0.080, 'CURAU DE MILHO - KG', 1, '2025-09-18 21:57:10', '2025-09-18 21:57:10'),
(97, 131, 0.030, 0.050, 0.025, 0.030, 'EXTRATO DE TOMATE - KG', 1, '2025-09-18 21:57:10', '2025-09-18 21:57:10'),
(98, 132, 0.010, 0.015, 0.008, 0.010, 'FARINHA DE AVEIA 170G - UN', 1, '2025-09-18 21:57:10', '2025-09-18 21:57:10'),
(99, 133, 0.080, 0.120, 0.060, 0.080, 'FARINHA DE MANDIOCA 1 KG - KG', 1, '2025-09-18 21:57:10', '2025-09-18 21:57:10'),
(100, 134, 0.080, 0.120, 0.060, 0.080, 'FARINHA DE MILHO EM FLOCOS - KG', 1, '2025-09-18 21:57:10', '2025-09-18 21:57:10'),
(101, 135, 0.080, 0.120, 0.060, 0.080, 'FARINHA DE TAPIOCA 500 G - KG', 1, '2025-09-18 21:57:10', '2025-09-18 21:57:10'),
(102, 136, 0.100, 0.150, 0.080, 0.100, 'FARINHA DE TRIGO 1 KG - KG', 1, '2025-09-18 21:57:10', '2025-09-18 21:57:10'),
(103, 137, 0.100, 0.150, 0.080, 0.100, 'FARINHA DE TRIGO INTEGRAL 1 KG - KG', 1, '2025-09-18 21:57:10', '2025-09-18 21:57:10'),
(104, 138, 0.100, 0.150, 0.080, 0.100, 'FARINHA DE ARROZ SEM GLUTEN 1 KG - KG', 1, '2025-09-18 21:57:10', '2025-09-18 21:57:10'),
(105, 139, 0.080, 0.120, 0.060, 0.080, 'FEIJAO CARIOCA - KG', 1, '2025-09-18 21:57:10', '2025-09-18 21:57:10'),
(106, 140, 0.080, 0.120, 0.060, 0.080, 'FEIJAO PRETO 1 KG - KG', 1, '2025-09-18 21:57:10', '2025-09-18 21:57:10'),
(107, 141, 0.005, 0.008, 0.004, 0.005, 'FERMENTO BIOLOGICO - KG', 1, '2025-09-18 21:57:10', '2025-09-18 21:57:10'),
(108, 142, 0.005, 0.008, 0.004, 0.005, 'FERMENTO QUIMICO EM PO 200 G - KG', 1, '2025-09-18 21:57:10', '2025-09-18 21:57:10'),
(109, 143, 0.030, 0.050, 0.025, 0.030, 'FLOCOS DE MILHO S/ACUCAR - KG', 1, '2025-09-18 21:57:10', '2025-09-18 21:57:10'),
(110, 144, 0.080, 0.120, 0.060, 0.080, 'FUBA 1 KG - KG', 1, '2025-09-18 21:57:10', '2025-09-18 21:57:10'),
(111, 145, 0.010, 0.015, 0.008, 0.010, 'GELEIA DE FRUTAS - KG', 1, '2025-09-18 21:57:10', '2025-09-18 21:57:10'),
(112, 146, 0.010, 0.015, 0.008, 0.010, 'GELEIA DE FRUTAS DIET - KG', 1, '2025-09-18 21:57:10', '2025-09-18 21:57:10'),
(113, 147, 0.100, 0.150, 0.080, 0.100, 'LEITE DE COCO - LT', 1, '2025-09-18 21:57:10', '2025-09-18 21:57:10'),
(114, 148, 0.100, 0.150, 0.080, 0.100, 'LEITE DE SOJA - LT', 1, '2025-09-18 21:57:10', '2025-09-18 21:57:10'),
(115, 149, 0.020, 0.030, 0.015, 0.020, 'LEITE EM PO DESNATADO 200 G - PCT', 1, '2025-09-18 21:57:10', '2025-09-18 21:57:10'),
(116, 150, 0.020, 0.030, 0.015, 0.020, 'LEITE EM PO INTEGRAL - KG', 1, '2025-09-18 21:57:10', '2025-09-18 21:57:10'),
(117, 151, 0.020, 0.030, 0.015, 0.020, 'LEITE EM PO ZERO LACTOSE 300 G - PCT', 1, '2025-09-18 21:57:10', '2025-09-18 21:57:10'),
(118, 152, 0.120, 0.180, 0.100, 0.130, 'MACARRAO ESPAGUETE C/ SEMOLA - KG', 1, '2025-09-18 21:57:10', '2025-09-18 21:57:10'),
(119, 153, 0.120, 0.180, 0.100, 0.130, 'MACARRAO INTEGRAL ESPAGUETE 500 G - KG', 1, '2025-09-18 21:57:10', '2025-09-18 21:57:10'),
(120, 154, 0.080, 0.120, 0.060, 0.080, 'MILHO CANJICA 500 G - KG', 1, '2025-09-18 21:57:10', '2025-09-18 21:57:10'),

-- Produtos Limpeza
(121, 155, 0.010, 0.015, 0.008, 0.010, 'AGUA SANITARIA 1L - UN', 1, '2025-09-18 21:57:10', '2025-09-18 21:57:10'),
(122, 156, 0.005, 0.008, 0.004, 0.005, 'ALCOOL 70% 500ML - UN', 1, '2025-09-18 21:57:10', '2025-09-18 21:57:10'),
(123, 157, 0.010, 0.015, 0.008, 0.010, 'DETERGENTE LIQUIDO 500ML - UN', 1, '2025-09-18 21:57:10', '2025-09-18 21:57:10'),
(124, 158, 0.005, 0.008, 0.004, 0.005, 'DETERGENTE EM PO 1KG - KG', 1, '2025-09-18 21:57:10', '2025-09-18 21:57:10'),
(125, 159, 0.010, 0.015, 0.008, 0.010, 'DESINFETANTE 1L - UN', 1, '2025-09-18 21:57:10', '2025-09-18 21:57:10'),
(126, 160, 0.005, 0.008, 0.004, 0.005, 'LIMPADOR MULTIUSO 500ML - UN', 1, '2025-09-18 21:57:10', '2025-09-18 21:57:10'),
(127, 161, 0.010, 0.015, 0.008, 0.010, 'SABAO EM PO 1KG - KG', 1, '2025-09-18 21:57:10', '2025-09-18 21:57:10'),
(128, 162, 0.005, 0.008, 0.004, 0.005, 'SABAO LIQUIDO 500ML - UN', 1, '2025-09-18 21:57:10', '2025-09-18 21:57:10'),
(129, 163, 0.010, 0.015, 0.008, 0.010, 'PAPEL TOALHA - UN', 1, '2025-09-18 21:57:10', '2025-09-18 21:57:10'),
(130, 164, 0.005, 0.008, 0.004, 0.005, 'PAPEL HIGIENICO - UN', 1, '2025-09-18 21:57:10', '2025-09-18 21:57:10'),
(131, 165, 0.010, 0.015, 0.008, 0.010, 'LUVAS DE BORRACHA - UN', 1, '2025-09-18 21:57:10', '2025-09-18 21:57:10'),
(132, 166, 0.005, 0.008, 0.004, 0.005, 'ESCOVA DE LIMPEZA - UN', 1, '2025-09-18 21:57:10', '2025-09-18 21:57:10'),
(133, 167, 0.010, 0.015, 0.008, 0.010, 'BALDE 10L - UN', 1, '2025-09-18 21:57:10', '2025-09-18 21:57:10'),
(134, 168, 0.005, 0.008, 0.004, 0.005, 'RODO - UN', 1, '2025-09-18 21:57:10', '2025-09-18 21:57:10'),
(135, 169, 0.010, 0.015, 0.008, 0.010, 'VASSOURA - UN', 1, '2025-09-18 21:57:10', '2025-09-18 21:57:10');

-- --------------------------------------------------------

--
-- Estrutura para tabela `recebimentos_escolas`
--

CREATE TABLE `recebimentos_escolas` (
  `id` int NOT NULL,
  `escola_id` int NOT NULL,
  `usuario_id` int NOT NULL,
  `data_recebimento` date NOT NULL,
  `tipo_recebimento` enum('Completo','Parcial') NOT NULL,
  `tipo_entrega` enum('HORTI','PAO','PERECIVEL','BASE SECA','LIMPEZA') NOT NULL,
  `status_entrega` enum('No Prazo','Atrasado','Antecipado') NOT NULL DEFAULT 'No Prazo' COMMENT 'Status baseado na data de recebimento vs data esperada para o tipo de entrega',
  `pendencia_anterior` enum('Sim','Não') NOT NULL,
  `precisa_reentrega` enum('Sim','Não') DEFAULT NULL,
  `observacoes` text,
  `ativo` tinyint(1) DEFAULT '1',
  `data_cadastro` timestamp NULL DEFAULT CURRENT_TIMESTAMP,
  `data_atualizacao` timestamp NULL DEFAULT CURRENT_TIMESTAMP ON UPDATE CURRENT_TIMESTAMP
) ENGINE=InnoDB DEFAULT CHARSET=utf8mb4 COLLATE=utf8mb4_0900_ai_ci;

--
-- Despejando dados para a tabela `recebimentos_escolas`
--

INSERT INTO `recebimentos_escolas` (`id`, `escola_id`, `usuario_id`, `data_recebimento`, `tipo_recebimento`, `tipo_entrega`, `status_entrega`, `pendencia_anterior`, `precisa_reentrega`, `observacoes`, `ativo`, `data_cadastro`, `data_atualizacao`) VALUES
(4, 73, 2, '2025-09-19', 'Parcial', 'HORTI', 'No Prazo', 'Não', 'Não', '', 1, '2025-09-19 18:40:27', '2025-09-19 18:40:27'),
(5, 75, 2, '2025-09-19', 'Completo', 'HORTI', 'No Prazo', 'Não', 'Não', '', 1, '2025-09-19 18:41:42', '2025-09-19 18:41:42'),
(6, 77, 2, '2025-09-19', 'Completo', 'PAO', 'No Prazo', 'Não', 'Não', '', 1, '2025-09-19 18:59:49', '2025-09-19 18:59:49'),
(7, 75, 2, '2025-09-19', 'Parcial', 'HORTI', 'No Prazo', 'Não', 'Não', '', 1, '2025-09-19 19:01:53', '2025-09-19 19:01:53');

-- --------------------------------------------------------

--
-- Estrutura para tabela `recebimentos_produtos`
--

CREATE TABLE `recebimentos_produtos` (
  `id` int NOT NULL,
  `recebimento_id` int NOT NULL,
  `produto_id` int NOT NULL,
  `quantidade` decimal(10,3) NOT NULL,
  `data_cadastro` timestamp NULL DEFAULT CURRENT_TIMESTAMP,
  `data_atualizacao` timestamp NULL DEFAULT CURRENT_TIMESTAMP ON UPDATE CURRENT_TIMESTAMP
) ENGINE=InnoDB DEFAULT CHARSET=utf8mb4 COLLATE=utf8mb4_0900_ai_ci;

--
-- Despejando dados para a tabela `recebimentos_produtos`
--

INSERT INTO `recebimentos_produtos` (`id`, `recebimento_id`, `produto_id`, `quantidade`, `data_cadastro`, `data_atualizacao`) VALUES
(5, 4, 170, 1.000, '2025-09-19 18:40:27', '2025-09-19 18:40:27'),
(6, 4, 76, 1.000, '2025-09-19 18:40:27', '2025-09-19 18:40:27'),
(8, 7, 115, 2.000, '2025-09-19 19:01:53', '2025-09-19 19:01:53'),
(9, 7, 128, 2.000, '2025-09-19 19:01:53', '2025-09-19 19:01:53');

-- --------------------------------------------------------

--
-- Estrutura para tabela `registros_diarios`
--

CREATE TABLE `registros_diarios` (
  `id` int NOT NULL,
  `escola_id` int NOT NULL,
  `nutricionista_id` int NOT NULL,
  `data` date NOT NULL,
  `tipo_media` varchar(50) NOT NULL COMMENT 'eja_parcial, eja_almoco, eja_lanche, eja_eja, almoco_parcial, almoco_almoco, almoco_lanche, almoco_eja, parcial_parcial, parcial_almoco, parcial_lanche, parcial_eja, lanche_parcial, lanche_almoco, lanche_lanche, lanche_eja',
  `valor` decimal(10,2) NOT NULL,
  `ativo` tinyint(1) DEFAULT '1',
  `data_cadastro` timestamp NULL DEFAULT CURRENT_TIMESTAMP,
  `data_atualizacao` timestamp NULL DEFAULT CURRENT_TIMESTAMP ON UPDATE CURRENT_TIMESTAMP
) ENGINE=InnoDB DEFAULT CHARSET=utf8mb4 COLLATE=utf8mb4_0900_ai_ci COMMENT='Registros diários de consumo por escola e tipo de média - usado para cálculo automático de médias';

--
-- Despejando dados para a tabela `registros_diarios`
--

INSERT INTO `registros_diarios` (`id`, `escola_id`, `nutricionista_id`, `data`, `tipo_media`, `valor`, `ativo`, `data_cadastro`, `data_atualizacao`) VALUES
-- Dados originais
(90, 11, 1, '2025-09-19', 'parcial_almoco', 1.00, 1, '2025-09-19 12:49:23', '2025-09-19 12:49:23'),
(91, 10, 2, '2025-09-19', 'eja_parcial', 1.00, 1, '2025-09-19 20:43:50', '2025-09-19 20:43:50'),

-- Escola 11 - CEEFMTI PASTOR OLIVEIRA - ROTA 01 VVL (21/09/2025)
(92, 11, 1, '2025-09-21', 'almoco', 1.50, 1, '2025-09-21 10:00:00', '2025-09-21 10:00:00'),
(93, 11, 1, '2025-09-21', 'parcial', 1.20, 1, '2025-09-21 10:00:00', '2025-09-21 10:00:00'),
(94, 11, 1, '2025-09-21', 'lanche', 0.80, 1, '2025-09-21 10:00:00', '2025-09-21 10:00:00'),
(95, 11, 1, '2025-09-21', 'eja', 0.60, 1, '2025-09-21 10:00:00', '2025-09-21 10:00:00'),

-- Escola 11 - Dados retroativos (Setembro 2025)
(96, 11, 1, '2025-09-20', 'almoco', 1.45, 1, '2025-09-20 10:00:00', '2025-09-20 10:00:00'),
(97, 11, 1, '2025-09-20', 'parcial', 1.15, 1, '2025-09-20 10:00:00', '2025-09-20 10:00:00'),
(98, 11, 1, '2025-09-20', 'lanche', 0.75, 1, '2025-09-20 10:00:00', '2025-09-20 10:00:00'),
(99, 11, 1, '2025-09-20', 'eja', 0.55, 1, '2025-09-20 10:00:00', '2025-09-20 10:00:00'),

(100, 11, 1, '2025-09-19', 'almoco', 1.40, 1, '2025-09-19 10:00:00', '2025-09-19 10:00:00'),
(101, 11, 1, '2025-09-19', 'parcial', 1.10, 1, '2025-09-19 10:00:00', '2025-09-19 10:00:00'),
(102, 11, 1, '2025-09-19', 'lanche', 0.70, 1, '2025-09-19 10:00:00', '2025-09-19 10:00:00'),
(103, 11, 1, '2025-09-19', 'eja', 0.50, 1, '2025-09-19 10:00:00', '2025-09-19 10:00:00'),

-- Escola 10 - CEEFMTI ELISA PAIVA - ROTA 06 VVL (21/09/2025)
(104, 10, 2, '2025-09-21', 'almoco', 1.60, 1, '2025-09-21 10:00:00', '2025-09-21 10:00:00'),
(105, 10, 2, '2025-09-21', 'parcial', 1.30, 1, '2025-09-21 10:00:00', '2025-09-21 10:00:00'),
(106, 10, 2, '2025-09-21', 'lanche', 0.90, 1, '2025-09-21 10:00:00', '2025-09-21 10:00:00'),
(107, 10, 2, '2025-09-21', 'eja', 0.70, 1, '2025-09-21 10:00:00', '2025-09-21 10:00:00'),

-- Escola 10 - Dados retroativos (Setembro 2025)
(108, 10, 2, '2025-09-20', 'almoco', 1.55, 1, '2025-09-20 10:00:00', '2025-09-20 10:00:00'),
(109, 10, 2, '2025-09-20', 'parcial', 1.25, 1, '2025-09-20 10:00:00', '2025-09-20 10:00:00'),
(110, 10, 2, '2025-09-20', 'lanche', 0.85, 1, '2025-09-20 10:00:00', '2025-09-20 10:00:00'),
(111, 10, 2, '2025-09-20', 'eja', 0.65, 1, '2025-09-20 10:00:00', '2025-09-20 10:00:00'),

(112, 10, 2, '2025-09-19', 'almoco', 1.50, 1, '2025-09-19 10:00:00', '2025-09-19 10:00:00'),
(113, 10, 2, '2025-09-19', 'parcial', 1.20, 1, '2025-09-19 10:00:00', '2025-09-19 10:00:00'),
(114, 10, 2, '2025-09-19', 'lanche', 0.80, 1, '2025-09-19 10:00:00', '2025-09-19 10:00:00'),
(115, 10, 2, '2025-09-19', 'eja', 0.60, 1, '2025-09-19 10:00:00', '2025-09-19 10:00:00'),

-- Escola 11 - CEEFMTI JOSE DE ALENCAR - ROTA 02 VVL (21/09/2025)
(116, 11, 1, '2025-09-21', 'almoco', 1.35, 1, '2025-09-21 10:00:00', '2025-09-21 10:00:00'),
(117, 11, 1, '2025-09-21', 'parcial', 1.05, 1, '2025-09-21 10:00:00', '2025-09-21 10:00:00'),
(118, 11, 1, '2025-09-21', 'lanche', 0.65, 1, '2025-09-21 10:00:00', '2025-09-21 10:00:00'),
(119, 11, 1, '2025-09-21', 'eja', 0.45, 1, '2025-09-21 10:00:00', '2025-09-21 10:00:00'),

-- Escola 11 - Dados retroativos (Setembro 2025)
(120, 11, 1, '2025-09-20', 'almoco', 1.30, 1, '2025-09-20 10:00:00', '2025-09-20 10:00:00'),
(121, 11, 1, '2025-09-20', 'parcial', 1.00, 1, '2025-09-20 10:00:00', '2025-09-20 10:00:00'),
(122, 11, 1, '2025-09-20', 'lanche', 0.60, 1, '2025-09-20 10:00:00', '2025-09-20 10:00:00'),
(123, 11, 1, '2025-09-20', 'eja', 0.40, 1, '2025-09-20 10:00:00', '2025-09-20 10:00:00'),

(124, 11, 1, '2025-09-19', 'almoco', 1.25, 1, '2025-09-19 10:00:00', '2025-09-19 10:00:00'),
(125, 11, 1, '2025-09-19', 'parcial', 0.95, 1, '2025-09-19 10:00:00', '2025-09-19 10:00:00'),
(126, 11, 1, '2025-09-19', 'lanche', 0.55, 1, '2025-09-19 10:00:00', '2025-09-19 10:00:00'),
(127, 11, 1, '2025-09-19', 'eja', 0.35, 1, '2025-09-19 10:00:00', '2025-09-19 10:00:00'),

-- Escola 12 - CEEFMTI MARIA DA PENHA - ROTA 03 VVL (21/09/2025)
(128, 12, 2, '2025-09-21', 'almoco', 1.70, 1, '2025-09-21 10:00:00', '2025-09-21 10:00:00'),
(129, 12, 2, '2025-09-21', 'parcial', 1.40, 1, '2025-09-21 10:00:00', '2025-09-21 10:00:00'),
(130, 12, 2, '2025-09-21', 'lanche', 1.00, 1, '2025-09-21 10:00:00', '2025-09-21 10:00:00'),
(131, 12, 2, '2025-09-21', 'eja', 0.80, 1, '2025-09-21 10:00:00', '2025-09-21 10:00:00'),

-- Escola 12 - Dados retroativos (Setembro 2025)
(132, 12, 2, '2025-09-20', 'almoco', 1.65, 1, '2025-09-20 10:00:00', '2025-09-20 10:00:00'),
(133, 12, 2, '2025-09-20', 'parcial', 1.35, 1, '2025-09-20 10:00:00', '2025-09-20 10:00:00'),
(134, 12, 2, '2025-09-20', 'lanche', 0.95, 1, '2025-09-20 10:00:00', '2025-09-20 10:00:00'),
(135, 12, 2, '2025-09-20', 'eja', 0.75, 1, '2025-09-20 10:00:00', '2025-09-20 10:00:00'),

(136, 12, 2, '2025-09-19', 'almoco', 1.60, 1, '2025-09-19 10:00:00', '2025-09-19 10:00:00'),
(137, 12, 2, '2025-09-19', 'parcial', 1.30, 1, '2025-09-19 10:00:00', '2025-09-19 10:00:00'),
(138, 12, 2, '2025-09-19', 'lanche', 0.90, 1, '2025-09-19 10:00:00', '2025-09-19 10:00:00'),
(139, 12, 2, '2025-09-19', 'eja', 0.70, 1, '2025-09-19 10:00:00', '2025-09-19 10:00:00'),

-- Escola 13 - CEEFMTI PEDRO ALVARES CABRAL - ROTA 04 VVL (21/09/2025)
(140, 13, 1, '2025-09-21', 'almoco', 1.45, 1, '2025-09-21 10:00:00', '2025-09-21 10:00:00'),
(141, 13, 1, '2025-09-21', 'parcial', 1.15, 1, '2025-09-21 10:00:00', '2025-09-21 10:00:00'),
(142, 13, 1, '2025-09-21', 'lanche', 0.75, 1, '2025-09-21 10:00:00', '2025-09-21 10:00:00'),
(143, 13, 1, '2025-09-21', 'eja', 0.55, 1, '2025-09-21 10:00:00', '2025-09-21 10:00:00'),

-- Escola 13 - Dados retroativos (Setembro 2025)
(144, 13, 1, '2025-09-20', 'almoco', 1.40, 1, '2025-09-20 10:00:00', '2025-09-20 10:00:00'),
(145, 13, 1, '2025-09-20', 'parcial', 1.10, 1, '2025-09-20 10:00:00', '2025-09-20 10:00:00'),
(146, 13, 1, '2025-09-20', 'lanche', 0.70, 1, '2025-09-20 10:00:00', '2025-09-20 10:00:00'),
(147, 13, 1, '2025-09-20', 'eja', 0.50, 1, '2025-09-20 10:00:00', '2025-09-20 10:00:00'),

(148, 13, 1, '2025-09-19', 'almoco', 1.35, 1, '2025-09-19 10:00:00', '2025-09-19 10:00:00'),
(149, 13, 1, '2025-09-19', 'parcial', 1.05, 1, '2025-09-19 10:00:00', '2025-09-19 10:00:00'),
(150, 13, 1, '2025-09-19', 'lanche', 0.65, 1, '2025-09-19 10:00:00', '2025-09-19 10:00:00'),
(151, 13, 1, '2025-09-19', 'eja', 0.45, 1, '2025-09-19 10:00:00', '2025-09-19 10:00:00'),

-- Escola 14 - CEEFMTI TIRADENTES - ROTA 05 VVL (21/09/2025)
(152, 14, 2, '2025-09-21', 'almoco', 1.55, 1, '2025-09-21 10:00:00', '2025-09-21 10:00:00'),
(153, 14, 2, '2025-09-21', 'parcial', 1.25, 1, '2025-09-21 10:00:00', '2025-09-21 10:00:00'),
(154, 14, 2, '2025-09-21', 'lanche', 0.85, 1, '2025-09-21 10:00:00', '2025-09-21 10:00:00'),
(155, 14, 2, '2025-09-21', 'eja', 0.65, 1, '2025-09-21 10:00:00', '2025-09-21 10:00:00'),

-- Escola 14 - Dados retroativos (Setembro 2025)
(156, 14, 2, '2025-09-20', 'almoco', 1.50, 1, '2025-09-20 10:00:00', '2025-09-20 10:00:00'),
(157, 14, 2, '2025-09-20', 'parcial', 1.20, 1, '2025-09-20 10:00:00', '2025-09-20 10:00:00'),
(158, 14, 2, '2025-09-20', 'lanche', 0.80, 1, '2025-09-20 10:00:00', '2025-09-20 10:00:00'),
(159, 14, 2, '2025-09-20', 'eja', 0.60, 1, '2025-09-20 10:00:00', '2025-09-20 10:00:00'),

(160, 14, 2, '2025-09-19', 'almoco', 1.45, 1, '2025-09-19 10:00:00', '2025-09-19 10:00:00'),
(161, 14, 2, '2025-09-19', 'parcial', 1.15, 1, '2025-09-19 10:00:00', '2025-09-19 10:00:00'),
(162, 14, 2, '2025-09-19', 'lanche', 0.75, 1, '2025-09-19 10:00:00', '2025-09-19 10:00:00'),
(163, 14, 2, '2025-09-19', 'eja', 0.55, 1, '2025-09-19 10:00:00', '2025-09-19 10:00:00'),

-- Dados de Agosto 2025 (retroativos)
(164, 11, 1, '2025-08-30', 'almoco', 1.30, 1, '2025-08-30 10:00:00', '2025-08-30 10:00:00'),
(165, 11, 1, '2025-08-30', 'parcial', 1.00, 1, '2025-08-30 10:00:00', '2025-08-30 10:00:00'),
(166, 11, 1, '2025-08-30', 'lanche', 0.60, 1, '2025-08-30 10:00:00', '2025-08-30 10:00:00'),
(167, 11, 1, '2025-08-30', 'eja', 0.40, 1, '2025-08-30 10:00:00', '2025-08-30 10:00:00'),

(168, 10, 2, '2025-08-30', 'almoco', 1.40, 1, '2025-08-30 10:00:00', '2025-08-30 10:00:00'),
(169, 10, 2, '2025-08-30', 'parcial', 1.10, 1, '2025-08-30 10:00:00', '2025-08-30 10:00:00'),
(170, 10, 2, '2025-08-30', 'lanche', 0.70, 1, '2025-08-30 10:00:00', '2025-08-30 10:00:00'),
(171, 10, 2, '2025-08-30', 'eja', 0.50, 1, '2025-08-30 10:00:00', '2025-08-30 10:00:00'),

-- Dados de Julho 2025 (retroativos)
(172, 11, 1, '2025-07-31', 'almoco', 1.25, 1, '2025-07-31 10:00:00', '2025-07-31 10:00:00'),
(173, 11, 1, '2025-07-31', 'parcial', 0.95, 1, '2025-07-31 10:00:00', '2025-07-31 10:00:00'),
(174, 11, 1, '2025-07-31', 'lanche', 0.55, 1, '2025-07-31 10:00:00', '2025-07-31 10:00:00'),
(175, 11, 1, '2025-07-31', 'eja', 0.35, 1, '2025-07-31 10:00:00', '2025-07-31 10:00:00'),

(176, 10, 2, '2025-07-31', 'almoco', 1.35, 1, '2025-07-31 10:00:00', '2025-07-31 10:00:00'),
(177, 10, 2, '2025-07-31', 'parcial', 1.05, 1, '2025-07-31 10:00:00', '2025-07-31 10:00:00'),
(178, 10, 2, '2025-07-31', 'lanche', 0.65, 1, '2025-07-31 10:00:00', '2025-07-31 10:00:00'),
(179, 10, 2, '2025-07-31', 'eja', 0.45, 1, '2025-07-31 10:00:00', '2025-07-31 10:00:00');

-- --------------------------------------------------------

--
-- Estrutura para tabela `tipos_entrega`
--

CREATE TABLE `tipos_entrega` (
  `id` int NOT NULL,
  `nome` varchar(100) COLLATE utf8mb4_unicode_ci NOT NULL,
  `descricao` text COLLATE utf8mb4_unicode_ci,
  `ativo` tinyint(1) DEFAULT '1',
  `data_cadastro` timestamp NULL DEFAULT CURRENT_TIMESTAMP
) ENGINE=InnoDB DEFAULT CHARSET=utf8mb4 COLLATE=utf8mb4_unicode_ci;

--
-- Despejando dados para a tabela `tipos_entrega`
--

INSERT INTO `tipos_entrega` (`id`, `nome`, `descricao`, `ativo`, `data_cadastro`) VALUES
(1, 'PERECÍVEL/BASE SECA/LIMPEZA', 'Entrega de produtos perecíveis, base seca e limpeza', 1, '2025-09-17 21:51:59'),
(2, 'Entrega Normal', 'Entrega padrão de produtos', 1, '2025-09-17 21:51:59'),
(3, 'Entrega Especial', 'Entrega especial com produtos específicos', 1, '2025-09-17 21:51:59'),
(5, 'HORTIFRUTI', 'Entrega de hortifruti', 1, '2025-09-18 12:57:38'),
(6, 'PADARIA', 'Entrega de produtos de padaria', 1, '2025-09-18 12:57:38');

-- --------------------------------------------------------

--
-- Estrutura para tabela `usuarios`
--

CREATE TABLE `usuarios` (
  `id` int NOT NULL,
  `email` varchar(255) COLLATE utf8mb4_unicode_ci NOT NULL,
  `nome` varchar(255) COLLATE utf8mb4_unicode_ci NOT NULL,
  `senha` varchar(255) COLLATE utf8mb4_unicode_ci NOT NULL,
  `tipo_usuario` enum('Coordenacao','Supervisao','Nutricionista') COLLATE utf8mb4_unicode_ci NOT NULL,
  `rota` varchar(100) COLLATE utf8mb4_unicode_ci DEFAULT NULL,
  `setor` varchar(100) COLLATE utf8mb4_unicode_ci DEFAULT NULL,
  `ativo` tinyint(1) DEFAULT '1',
  `data_cadastro` timestamp NULL DEFAULT CURRENT_TIMESTAMP
) ENGINE=InnoDB DEFAULT CHARSET=utf8mb4 COLLATE=utf8mb4_unicode_ci;

--
-- Despejando dados para a tabela `usuarios`
--

INSERT INTO `usuarios` (`id`, `email`, `nome`, `senha`, `tipo_usuario`, `rota`, `setor`, `ativo`, `data_cadastro`) VALUES
(1, 'coordenador.espiritosanto@gmail.com', 'Coordenador E.S', 'Costa1901.', 'Coordenacao', 'Coordenador', 'FOODS', 1, '2025-09-17 22:30:53'),
(2, 'rota1.lote2es@gmail.com', 'KAROLLINE', 'Costa1901.', 'Nutricionista', 'Rota 1', 'FOODS', 1, '2025-09-17 22:30:53'),
(3, 'rota2.lote2es@gmail.com', 'SOLINEIA', 'Costa1901.', 'Nutricionista', 'Rota 2', 'FOODS', 1, '2025-09-17 22:30:53'),
(4, 'rota3.lote2es@gmail.com', 'BEATRIZ', 'Costa1901.', 'Nutricionista', 'Rota 3', 'FOODS', 1, '2025-09-17 22:30:53'),
(5, 'rota4.lote2es@gmail.com', 'JOSIANE', 'Costa1901.', 'Nutricionista', 'Rota 4', 'FOODS', 1, '2025-09-17 22:30:53'),
(6, 'rota5.lote2es@gmail.com', 'FLAVIA', 'Costa1901.', 'Nutricionista', 'Rota 5', 'FOODS', 1, '2025-09-17 22:30:53'),
(7, 'rota6.lote2es@gmail.com', 'INGRIDI', 'Costa1901.', 'Nutricionista', 'Rota 6', 'FOODS', 1, '2025-09-17 22:30:53'),
(8, 'rota7.lote2es@gmail.com', 'RAYSSA', 'Costa1901.', 'Nutricionista', 'Rota 7', 'FOODS', 1, '2025-09-17 22:30:53');

--
-- Índices para tabelas despejadas
--

--
-- Índices de tabela `escolas`
--
ALTER TABLE `escolas`
  ADD PRIMARY KEY (`id`),
  ADD UNIQUE KEY `unique_escola_rota` (`nome_escola`,`rota`),
  ADD KEY `idx_rota` (`rota`),
  ADD KEY `idx_nome_escola` (`nome_escola`),
  ADD KEY `idx_email_nutricionista` (`email_nutricionista`),
  ADD KEY `idx_codigo_teknisa` (`codigo_teknisa`),
  ADD KEY `idx_codigo_senior` (`codigo_senior`),
  ADD KEY `idx_ativo` (`ativo`);

--
-- Índices de tabela `escolas_necessidades`
--
ALTER TABLE `escolas_necessidades`
  ADD PRIMARY KEY (`id`),
  ADD UNIQUE KEY `unique_escola_rota` (`nome_escola`,`rota`),
  ADD KEY `idx_rota` (`rota`),
  ADD KEY `idx_tipo_entrega` (`tipo_entrega`);

--
-- Índices de tabela `medias_escolas`
--
ALTER TABLE `medias_escolas`
  ADD PRIMARY KEY (`id`),
  ADD UNIQUE KEY `unique_escola_nutricionista` (`escola_id`,`nutricionista_id`),
  ADD KEY `nutricionista_id` (`nutricionista_id`),
  ADD KEY `idx_medias_calculada` (`calculada_automaticamente`,`escola_id`,`nutricionista_id`);

--
-- Índices de tabela `necessidades`
--
ALTER TABLE `necessidades`
  ADD PRIMARY KEY (`id`),
  ADD UNIQUE KEY `unique_usuario_produto_escola_tipo` (`usuario_email`(100),`produto`(100),`escola`(100),`tipo_entrega`(50)),
  ADD KEY `idx_usuario` (`usuario_email`),
  ADD KEY `idx_escola` (`escola`),
  ADD KEY `idx_produto` (`produto`),
  ADD KEY `idx_tipo_entrega` (`tipo_entrega`),
  ADD KEY `idx_data_preenchimento` (`data_preenchimento`);

--
-- Índices de tabela `permissoes_usuario`
--
ALTER TABLE `permissoes_usuario`
  ADD PRIMARY KEY (`id`),
  ADD UNIQUE KEY `usuario_tela` (`usuario_id`,`tela`),
  ADD KEY `fk_permissoes_usuario` (`usuario_id`);

--
-- Índices de tabela `produtos`
--
ALTER TABLE `produtos`
  ADD PRIMARY KEY (`id`),
  ADD UNIQUE KEY `unique_nome` (`nome`),
  ADD KEY `idx_nome` (`nome`),
  ADD KEY `idx_ativo` (`ativo`),
  ADD KEY `idx_tipo` (`tipo`);

--
-- Índices de tabela `produtos_per_capita`
--
ALTER TABLE `produtos_per_capita`
  ADD PRIMARY KEY (`id`),
  ADD UNIQUE KEY `unique_produto_id` (`produto_id`),
  ADD KEY `idx_ativo` (`ativo`),
  ADD KEY `idx_produto_id` (`produto_id`);

--
-- Índices de tabela `recebimentos_escolas`
--
ALTER TABLE `recebimentos_escolas`
  ADD PRIMARY KEY (`id`),
  ADD KEY `idx_escola_data` (`escola_id`,`data_recebimento`),
  ADD KEY `idx_usuario` (`usuario_id`),
  ADD KEY `idx_tipo_entrega` (`tipo_entrega`),
  ADD KEY `idx_status_entrega` (`status_entrega`);

--
-- Índices de tabela `recebimentos_produtos`
--
ALTER TABLE `recebimentos_produtos`
  ADD PRIMARY KEY (`id`),
  ADD UNIQUE KEY `unique_recebimento_produto` (`recebimento_id`,`produto_id`),
  ADD KEY `idx_recebimento` (`recebimento_id`),
  ADD KEY `idx_produto` (`produto_id`);

--
-- Índices de tabela `registros_diarios`
--
ALTER TABLE `registros_diarios`
  ADD PRIMARY KEY (`id`),
  ADD KEY `idx_escola_tipo_data` (`escola_id`,`tipo_media`,`data`),
  ADD KEY `idx_nutricionista` (`nutricionista_id`);

--
-- Índices de tabela `tipos_entrega`
--
ALTER TABLE `tipos_entrega`
  ADD PRIMARY KEY (`id`),
  ADD UNIQUE KEY `unique_nome` (`nome`),
  ADD KEY `idx_nome` (`nome`),
  ADD KEY `idx_ativo` (`ativo`);

--
-- Índices de tabela `usuarios`
--
ALTER TABLE `usuarios`
  ADD PRIMARY KEY (`id`),
  ADD UNIQUE KEY `email` (`email`),
  ADD KEY `idx_email` (`email`),
  ADD KEY `idx_tipo_usuario` (`tipo_usuario`),
  ADD KEY `idx_rota` (`rota`);

--
-- AUTO_INCREMENT para tabelas despejadas
--

--
-- AUTO_INCREMENT de tabela `escolas`
--
ALTER TABLE `escolas`
  MODIFY `id` int NOT NULL AUTO_INCREMENT, AUTO_INCREMENT=106;

--
-- AUTO_INCREMENT de tabela `escolas_necessidades`
--
ALTER TABLE `escolas_necessidades`
  MODIFY `id` int NOT NULL AUTO_INCREMENT;

--
-- AUTO_INCREMENT de tabela `medias_escolas`
--
ALTER TABLE `medias_escolas`
  MODIFY `id` int NOT NULL AUTO_INCREMENT, AUTO_INCREMENT=245;

--
-- AUTO_INCREMENT de tabela `necessidades`
--
ALTER TABLE `necessidades`
  MODIFY `id` int NOT NULL AUTO_INCREMENT;

--
-- AUTO_INCREMENT de tabela `permissoes_usuario`
--
ALTER TABLE `permissoes_usuario`
  MODIFY `id` int NOT NULL AUTO_INCREMENT, AUTO_INCREMENT=232;

--
-- AUTO_INCREMENT de tabela `produtos`
--
ALTER TABLE `produtos`
  MODIFY `id` int NOT NULL AUTO_INCREMENT, AUTO_INCREMENT=197;

--
-- AUTO_INCREMENT de tabela `produtos_per_capita`
--
ALTER TABLE `produtos_per_capita`
  MODIFY `id` int NOT NULL AUTO_INCREMENT, AUTO_INCREMENT=136;

--
-- AUTO_INCREMENT de tabela `recebimentos_escolas`
--
ALTER TABLE `recebimentos_escolas`
  MODIFY `id` int NOT NULL AUTO_INCREMENT, AUTO_INCREMENT=8;

--
-- AUTO_INCREMENT de tabela `recebimentos_produtos`
--
ALTER TABLE `recebimentos_produtos`
  MODIFY `id` int NOT NULL AUTO_INCREMENT, AUTO_INCREMENT=10;

--
-- AUTO_INCREMENT de tabela `registros_diarios`
--
ALTER TABLE `registros_diarios`
  MODIFY `id` int NOT NULL AUTO_INCREMENT, AUTO_INCREMENT=180;

--
-- AUTO_INCREMENT de tabela `tipos_entrega`
--
ALTER TABLE `tipos_entrega`
  MODIFY `id` int NOT NULL AUTO_INCREMENT, AUTO_INCREMENT=7;

--
-- AUTO_INCREMENT de tabela `usuarios`
--
ALTER TABLE `usuarios`
  MODIFY `id` int NOT NULL AUTO_INCREMENT, AUTO_INCREMENT=9;

--
-- Restrições para tabelas despejadas
--

--
-- Restrições para tabelas `medias_escolas`
--
ALTER TABLE `medias_escolas`
  ADD CONSTRAINT `medias_escolas_ibfk_1` FOREIGN KEY (`escola_id`) REFERENCES `escolas` (`id`),
  ADD CONSTRAINT `medias_escolas_ibfk_2` FOREIGN KEY (`nutricionista_id`) REFERENCES `usuarios` (`id`);

--
-- Restrições para tabelas `permissoes_usuario`
--
ALTER TABLE `permissoes_usuario`
  ADD CONSTRAINT `fk_permissoes_usuario` FOREIGN KEY (`usuario_id`) REFERENCES `usuarios` (`id`) ON DELETE CASCADE;

--
-- Restrições para tabelas `produtos_per_capita`
--
ALTER TABLE `produtos_per_capita`
  ADD CONSTRAINT `produtos_per_capita_ibfk_1` FOREIGN KEY (`produto_id`) REFERENCES `produtos` (`id`) ON DELETE CASCADE;

--
-- Restrições para tabelas `recebimentos_escolas`
--
ALTER TABLE `recebimentos_escolas`
  ADD CONSTRAINT `recebimentos_escolas_ibfk_1` FOREIGN KEY (`escola_id`) REFERENCES `escolas` (`id`) ON DELETE CASCADE,
  ADD CONSTRAINT `recebimentos_escolas_ibfk_2` FOREIGN KEY (`usuario_id`) REFERENCES `usuarios` (`id`) ON DELETE CASCADE;

--
-- Restrições para tabelas `recebimentos_produtos`
--
ALTER TABLE `recebimentos_produtos`
  ADD CONSTRAINT `recebimentos_produtos_ibfk_1` FOREIGN KEY (`recebimento_id`) REFERENCES `recebimentos_escolas` (`id`) ON DELETE CASCADE,
  ADD CONSTRAINT `recebimentos_produtos_ibfk_2` FOREIGN KEY (`produto_id`) REFERENCES `produtos` (`id`) ON DELETE CASCADE;

--
-- Restrições para tabelas `registros_diarios`
--
ALTER TABLE `registros_diarios`
  ADD CONSTRAINT `registros_diarios_ibfk_1` FOREIGN KEY (`escola_id`) REFERENCES `escolas` (`id`) ON DELETE CASCADE,
  ADD CONSTRAINT `registros_diarios_ibfk_2` FOREIGN KEY (`nutricionista_id`) REFERENCES `usuarios` (`id`) ON DELETE CASCADE;
COMMIT;

/*!40101 SET CHARACTER_SET_CLIENT=@OLD_CHARACTER_SET_CLIENT */;
/*!40101 SET CHARACTER_SET_RESULTS=@OLD_CHARACTER_SET_RESULTS */;
/*!40101 SET COLLATION_CONNECTION=@OLD_COLLATION_CONNECTION */;
